-- --------------------------------------------------------
-- Host:                         localhost
-- Versión del servidor:         5.7.24 - MySQL Community Server (GPL)
-- SO del servidor:              Win64
-- HeidiSQL Versión:             10.2.0.5599
-- --------------------------------------------------------

/*!40101 SET @OLD_CHARACTER_SET_CLIENT=@@CHARACTER_SET_CLIENT */;
/*!40101 SET NAMES utf8 */;
/*!50503 SET NAMES utf8mb4 */;
/*!40014 SET @OLD_FOREIGN_KEY_CHECKS=@@FOREIGN_KEY_CHECKS, FOREIGN_KEY_CHECKS=0 */;
/*!40101 SET @OLD_SQL_MODE=@@SQL_MODE, SQL_MODE='NO_AUTO_VALUE_ON_ZERO' */;


-- Volcando estructura de base de datos para appfactory
CREATE DATABASE IF NOT EXISTS `appfactory` /*!40100 DEFAULT CHARACTER SET utf8mb4 */;
USE `appfactory`;

-- Volcando estructura para tabla appfactory.clientes
CREATE TABLE IF NOT EXISTS `clientes` (
  `id_cliente` int(10) NOT NULL AUTO_INCREMENT,
  `codigo_cliente` varchar(30) NOT NULL,
  `nombre` varchar(50) NOT NULL,
  `negocio` varchar(50) NOT NULL,
  `direccion` varchar(255) NOT NULL,
  `telefono` varchar(255) NOT NULL,
  `barrio` varchar(50) NOT NULL,
  `nit` int(11) DEFAULT NULL,
  `id_vendedor` int(10) NOT NULL,
  `estado` tinyint(4) DEFAULT NULL,
  PRIMARY KEY (`id_cliente`) USING BTREE,
  KEY `id_vendedor` (`id_vendedor`),
  CONSTRAINT `clientes_ibfk_1` FOREIGN KEY (`id_vendedor`) REFERENCES `vendedor` (`id_vendedor`)
) ENGINE=InnoDB AUTO_INCREMENT=3 DEFAULT CHARSET=utf8mb4;

-- Volcando datos para la tabla appfactory.clientes: ~2 rows (aproximadamente)
/*!40000 ALTER TABLE `clientes` DISABLE KEYS */;
INSERT INTO `clientes` (`id_cliente`, `codigo_cliente`, `nombre`, `negocio`, `direccion`, `telefono`, `barrio`, `nit`, `id_vendedor`, `estado`) VALUES
	(1, '53625', 'Carlos Ortiz', 'Panadería el roble', 'Calle 13 # 1D - 07', '+573002295877', 'El Carme De Malambo', NULL, 1, 1),
	(2, '15687', 'Jeison', 'Abastos Las Banderitas', 'Carrera 1E # 47B-03', '3621303 - 3116716298', 'Ciudadela 20 de Julio', NULL, 2, 1);
/*!40000 ALTER TABLE `clientes` ENABLE KEYS */;

-- Volcando estructura para tabla appfactory.departamentos
CREATE TABLE IF NOT EXISTS `departamentos` (
  `id` bigint(20) NOT NULL AUTO_INCREMENT,
  `nombre` varchar(255) NOT NULL,
  `codigo` int(20) NOT NULL,
  PRIMARY KEY (`id`)
) ENGINE=InnoDB AUTO_INCREMENT=34 DEFAULT CHARSET=utf8;

-- Volcando datos para la tabla appfactory.departamentos: ~33 rows (aproximadamente)
/*!40000 ALTER TABLE `departamentos` DISABLE KEYS */;
INSERT INTO `departamentos` (`id`, `nombre`, `codigo`) VALUES
	(1, 'Antioquia', 5),
	(2, 'Atlantico', 8),
	(3, 'D. C. Santa Fe de Bogotá', 11),
	(4, 'Bolivar', 13),
	(5, 'Boyaca', 15),
	(6, 'Caldas', 17),
	(7, 'Caqueta', 18),
	(8, 'Cauca', 19),
	(9, 'Cesar', 20),
	(10, 'Cordova', 23),
	(11, 'Cundinamarca', 25),
	(12, 'Choco', 27),
	(13, 'Huila', 41),
	(14, 'La Guajira', 44),
	(15, 'Magdalena', 47),
	(16, 'Meta', 50),
	(17, 'Nariño', 52),
	(18, 'Norte de Santander', 54),
	(19, 'Quindio', 63),
	(20, 'Risaralda', 66),
	(21, 'Santander', 68),
	(22, 'Sucre', 70),
	(23, 'Tolima', 73),
	(24, 'Valle', 76),
	(25, 'Arauca', 81),
	(26, 'Casanare', 85),
	(27, 'Putumayo', 86),
	(28, 'San Andres', 88),
	(29, 'Amazonas', 91),
	(30, 'Guainia', 94),
	(31, 'Guaviare', 95),
	(32, 'Vaupes', 97),
	(33, 'Vichada', 99);
/*!40000 ALTER TABLE `departamentos` ENABLE KEYS */;

-- Volcando estructura para tabla appfactory.facturas
CREATE TABLE IF NOT EXISTS `facturas` (
  `id_factura` int(10) NOT NULL AUTO_INCREMENT,
  `id_cliente` int(10) NOT NULL,
  `fecha` datetime DEFAULT NULL,
  `estado` tinyint(1) DEFAULT NULL,
  PRIMARY KEY (`id_factura`),
  KEY `id_cliente` (`id_cliente`),
  CONSTRAINT `FK_facturas_clientes` FOREIGN KEY (`id_cliente`) REFERENCES `clientes` (`id_cliente`)
) ENGINE=InnoDB AUTO_INCREMENT=9 DEFAULT CHARSET=utf8mb4;

-- Volcando datos para la tabla appfactory.facturas: ~8 rows (aproximadamente)
/*!40000 ALTER TABLE `facturas` DISABLE KEYS */;
INSERT INTO `facturas` (`id_factura`, `id_cliente`, `fecha`, `estado`) VALUES
	(1, 1, '2020-10-09 23:20:29', 0),
	(2, 1, '2020-10-09 23:27:51', 1),
	(3, 2, '2020-10-10 18:01:48', 0),
	(4, 1, '2020-10-12 15:00:20', 1),
	(5, 2, '2020-10-17 01:30:36', 0),
	(6, 1, '2020-10-17 01:31:14', 0),
	(7, 2, '2020-10-19 18:59:26', 1),
	(8, 1, '2020-10-21 18:48:56', 1);
/*!40000 ALTER TABLE `facturas` ENABLE KEYS */;

-- Volcando estructura para tabla appfactory.factura_productos
CREATE TABLE IF NOT EXISTS `factura_productos` (
  `id_factura_productos` int(10) NOT NULL AUTO_INCREMENT,
  `id_factura` int(10) NOT NULL,
  `id_producto` int(10) NOT NULL,
  `cantidad` int(10) NOT NULL,
  `precio` int(10) NOT NULL,
  PRIMARY KEY (`id_factura_productos`),
  KEY `id_factura` (`id_factura`),
  KEY `id_producto` (`id_producto`),
  CONSTRAINT `FK_factura_productos_facturas` FOREIGN KEY (`id_factura`) REFERENCES `facturas` (`id_factura`),
  CONSTRAINT `FK_factura_productos_productos` FOREIGN KEY (`id_producto`) REFERENCES `productos` (`id_producto`)
) ENGINE=InnoDB AUTO_INCREMENT=49 DEFAULT CHARSET=utf8mb4;

-- Volcando datos para la tabla appfactory.factura_productos: ~34 rows (aproximadamente)
/*!40000 ALTER TABLE `factura_productos` DISABLE KEYS */;
INSERT INTO `factura_productos` (`id_factura_productos`, `id_factura`, `id_producto`, `cantidad`, `precio`) VALUES
	(15, 1, 1, 10, 650),
	(16, 2, 1, 10, 650),
	(17, 2, 2, 15, 800),
	(18, 2, 5, 12, 14500),
	(19, 3, 1, 15, 650),
	(20, 3, 3, 25, 850),
	(21, 3, 5, 2, 14500),
	(22, 3, 7, 4, 25500),
	(23, 3, 2, 6, 800),
	(24, 3, 4, 5, 115000),
	(25, 3, 6, 1, 36500),
	(26, 3, 8, 5, 29500),
	(27, 3, 9, 5, 17400),
	(28, 3, 10, 4, 12000),
	(29, 3, 11, 6, 6200),
	(30, 3, 12, 1, 25000),
	(31, 4, 1, 15, 650),
	(32, 5, 1, 50, 650),
	(33, 5, 2, 50, 800),
	(34, 5, 3, 50, 850),
	(35, 6, 1, 50, 650),
	(36, 6, 2, 50, 800),
	(37, 6, 3, 50, 850),
	(38, 7, 1, 5, 650),
	(39, 8, 1, 5, 650),
	(40, 8, 2, 5, 800),
	(41, 8, 3, 5, 850),
	(42, 8, 4, 5, 115000),
	(43, 8, 5, 5, 14500),
	(44, 8, 6, 5, 36500),
	(45, 8, 7, 5, 25500),
	(46, 8, 8, 5, 29500),
	(47, 8, 9, 5, 17400),
	(48, 8, 10, 5, 12000);
/*!40000 ALTER TABLE `factura_productos` ENABLE KEYS */;

-- Volcando estructura para tabla appfactory.iconos
CREATE TABLE IF NOT EXISTS `iconos` (
  `id_icon` int(11) NOT NULL AUTO_INCREMENT,
  `class` varchar(50) NOT NULL,
  `font` varchar(50) DEFAULT NULL,
  PRIMARY KEY (`id_icon`)
) ENGINE=InnoDB AUTO_INCREMENT=864 DEFAULT CHARSET=utf8mb4;

-- Volcando datos para la tabla appfactory.iconos: ~863 rows (aproximadamente)
/*!40000 ALTER TABLE `iconos` DISABLE KEYS */;
INSERT INTO `iconos` (`id_icon`, `class`, `font`) VALUES
	(1, 'fa fa-glass', 'font-awesome'),
	(2, 'fa fa-music', 'font-awesome'),
	(3, 'fa fa-search', 'font-awesome'),
	(4, 'fa fa-envelope-o', 'font-awesome'),
	(5, 'fa fa-heart', 'font-awesome'),
	(6, 'fa fa-star', 'font-awesome'),
	(7, 'fa fa-star-o', 'font-awesome'),
	(8, 'fa fa-user', 'font-awesome'),
	(9, 'fa fa-film', 'font-awesome'),
	(10, 'fa fa-th-large', 'font-awesome'),
	(11, 'fa fa-th', 'font-awesome'),
	(12, 'fa fa-th-list', 'font-awesome'),
	(13, 'fa fa-check', 'font-awesome'),
	(14, 'fa fa-times', 'font-awesome'),
	(15, 'fa fa-search-plus', 'font-awesome'),
	(16, 'fa fa-search-minus', 'font-awesome'),
	(17, 'fa fa-power-off', 'font-awesome'),
	(18, 'fa fa-signal', 'font-awesome'),
	(19, 'fa fa-gear', 'font-awesome'),
	(20, 'fa fa-cog', 'font-awesome'),
	(21, 'fa fa-trash-o', 'font-awesome'),
	(22, 'fa fa-home', 'font-awesome'),
	(23, 'fa fa-file-o', 'font-awesome'),
	(24, 'fa fa-clock-o', 'font-awesome'),
	(25, 'fa fa-road', 'font-awesome'),
	(26, 'fa fa-download', 'font-awesome'),
	(27, 'fa fa-arrow-circle-o-down', 'font-awesome'),
	(28, 'fa fa-arrow-circle-o-up', 'font-awesome'),
	(29, 'fa fa-inbox', 'font-awesome'),
	(30, 'fa fa-play-circle-o', 'font-awesome'),
	(31, 'fa fa-rotate-right', 'font-awesome'),
	(32, 'fa fa-repeat', 'font-awesome'),
	(33, 'fa fa-refresh', 'font-awesome'),
	(34, 'fa fa-list-alt', 'font-awesome'),
	(35, 'fa fa-lock', 'font-awesome'),
	(36, 'fa fa-flag', 'font-awesome'),
	(37, 'fa fa-headphones', 'font-awesome'),
	(38, 'fa fa-volume-off', 'font-awesome'),
	(39, 'fa fa-volume-down', 'font-awesome'),
	(40, 'fa fa-volume-up', 'font-awesome'),
	(41, 'fa fa-qrcode', 'font-awesome'),
	(42, 'fa fa-barcode', 'font-awesome'),
	(43, 'fa fa-tag', 'font-awesome'),
	(44, 'fa fa-tags', 'font-awesome'),
	(45, 'fa fa-book', 'font-awesome'),
	(46, 'fa fa-bookmark', 'font-awesome'),
	(47, 'fa fa-print', 'font-awesome'),
	(48, 'fa fa-camera', 'font-awesome'),
	(49, 'fa fa-font', 'font-awesome'),
	(50, 'fa fa-bold', 'font-awesome'),
	(51, 'fa fa-italic', 'font-awesome'),
	(52, 'fa fa-text-height', 'font-awesome'),
	(53, 'fa fa-text-width', 'font-awesome'),
	(54, 'fa fa-align-left', 'font-awesome'),
	(55, 'fa fa-align-center', 'font-awesome'),
	(56, 'fa fa-align-right', 'font-awesome'),
	(57, 'fa fa-align-justify', 'font-awesome'),
	(58, 'fa fa-list', 'font-awesome'),
	(59, 'fa fa-dedent', 'font-awesome'),
	(60, 'fa fa-outdent', 'font-awesome'),
	(61, 'fa fa-indent', 'font-awesome'),
	(62, 'fa fa-video-camera', 'font-awesome'),
	(63, 'fa fa-photo', 'font-awesome'),
	(64, 'fa fa-image', 'font-awesome'),
	(65, 'fa fa-picture-o', 'font-awesome'),
	(66, 'fa fa-pencil', 'font-awesome'),
	(67, 'fa fa-map-marker', 'font-awesome'),
	(68, 'fa fa-adjust', 'font-awesome'),
	(69, 'fa fa-tint', 'font-awesome'),
	(70, 'fa fa-edit', 'font-awesome'),
	(71, 'fa fa-pencil-square-o', 'font-awesome'),
	(72, 'fa fa-share-square-o', 'font-awesome'),
	(73, 'fa fa-check-square-o', 'font-awesome'),
	(74, 'fa fa-arrows', 'font-awesome'),
	(75, 'fa fa-step-backward', 'font-awesome'),
	(76, 'fa fa-fast-backward', 'font-awesome'),
	(77, 'fa fa-backward', 'font-awesome'),
	(78, 'fa fa-play', 'font-awesome'),
	(79, 'fa fa-pause', 'font-awesome'),
	(80, 'fa fa-stop', 'font-awesome'),
	(81, 'fa fa-forward', 'font-awesome'),
	(82, 'fa fa-fast-forward', 'font-awesome'),
	(83, 'fa fa-step-forward', 'font-awesome'),
	(84, 'fa fa-eject', 'font-awesome'),
	(85, 'fa fa-chevron-left', 'font-awesome'),
	(86, 'fa fa-chevron-right', 'font-awesome'),
	(87, 'fa fa-plus-circle', 'font-awesome'),
	(88, 'fa fa-minus-circle', 'font-awesome'),
	(89, 'fa fa-times-circle', 'font-awesome'),
	(90, 'fa fa-check-circle', 'font-awesome'),
	(91, 'fa fa-question-circle', 'font-awesome'),
	(92, 'fa fa-info-circle', 'font-awesome'),
	(93, 'fa fa-crosshairs', 'font-awesome'),
	(94, 'fa fa-times-circle-o', 'font-awesome'),
	(95, 'fa fa-check-circle-o', 'font-awesome'),
	(96, 'fa fa-ban', 'font-awesome'),
	(97, 'fa fa-arrow-left', 'font-awesome'),
	(98, 'fa fa-arrow-right', 'font-awesome'),
	(99, 'fa fa-arrow-up', 'font-awesome'),
	(100, 'fa fa-arrow-down', 'font-awesome'),
	(101, 'fa fa-mail-forward', 'font-awesome'),
	(102, 'fa fa-share', 'font-awesome'),
	(103, 'fa fa-expand', 'font-awesome'),
	(104, 'fa fa-compress', 'font-awesome'),
	(105, 'fa fa-plus', 'font-awesome'),
	(106, 'fa fa-minus', 'font-awesome'),
	(107, 'fa fa-asterisk', 'font-awesome'),
	(108, 'fa fa-exclamation-circle', 'font-awesome'),
	(109, 'fa fa-gift', 'font-awesome'),
	(110, 'fa fa-leaf', 'font-awesome'),
	(111, 'fa fa-fire', 'font-awesome'),
	(112, 'fa fa-eye', 'font-awesome'),
	(113, 'fa fa-eye-slash', 'font-awesome'),
	(114, 'fa fa-warning', 'font-awesome'),
	(115, 'fa fa-exclamation-triangle', 'font-awesome'),
	(116, 'fa fa-plane', 'font-awesome'),
	(117, 'fa fa-calendar', 'font-awesome'),
	(118, 'fa fa-random', 'font-awesome'),
	(119, 'fa fa-comment', 'font-awesome'),
	(120, 'fa fa-magnet', 'font-awesome'),
	(121, 'fa fa-chevron-up', 'font-awesome'),
	(122, 'fa fa-chevron-down', 'font-awesome'),
	(123, 'fa fa-retweet', 'font-awesome'),
	(124, 'fa fa-shopping-cart', 'font-awesome'),
	(125, 'fa fa-folder', 'font-awesome'),
	(126, 'fa fa-folder-open', 'font-awesome'),
	(127, 'fa fa-arrows-v', 'font-awesome'),
	(128, 'fa fa-arrows-h', 'font-awesome'),
	(129, 'fa fa-bar-chart-o', 'font-awesome'),
	(130, 'fa fa-twitter-square', 'font-awesome'),
	(131, 'fa fa-facebook-square', 'font-awesome'),
	(132, 'fa fa-camera-retro', 'font-awesome'),
	(133, 'fa fa-key', 'font-awesome'),
	(134, 'fa fa-gears', 'font-awesome'),
	(135, 'fa fa-cogs', 'font-awesome'),
	(136, 'fa fa-comments', 'font-awesome'),
	(137, 'fa fa-thumbs-o-up', 'font-awesome'),
	(138, 'fa fa-thumbs-o-down', 'font-awesome'),
	(139, 'fa fa-star-half', 'font-awesome'),
	(140, 'fa fa-heart-o', 'font-awesome'),
	(141, 'fa fa-sign-out', 'font-awesome'),
	(142, 'fa fa-linkedin-square', 'font-awesome'),
	(143, 'fa fa-thumb-tack', 'font-awesome'),
	(144, 'fa fa-external-link', 'font-awesome'),
	(145, 'fa fa-sign-in', 'font-awesome'),
	(146, 'fa fa-trophy', 'font-awesome'),
	(147, 'fa fa-github-square', 'font-awesome'),
	(148, 'fa fa-upload', 'font-awesome'),
	(149, 'fa fa-lemon-o', 'font-awesome'),
	(150, 'fa fa-phone', 'font-awesome'),
	(151, 'fa fa-square-o', 'font-awesome'),
	(152, 'fa fa-bookmark-o', 'font-awesome'),
	(153, 'fa fa-phone-square', 'font-awesome'),
	(154, 'fa fa-twitter', 'font-awesome'),
	(155, 'fa fa-facebook', 'font-awesome'),
	(156, 'fa fa-github', 'font-awesome'),
	(157, 'fa fa-unlock', 'font-awesome'),
	(158, 'fa fa-credit-card', 'font-awesome'),
	(159, 'fa fa-rss', 'font-awesome'),
	(160, 'fa fa-hdd-o', 'font-awesome'),
	(161, 'fa fa-bullhorn', 'font-awesome'),
	(162, 'fa fa-bell', 'font-awesome'),
	(163, 'fa fa-certificate', 'font-awesome'),
	(164, 'fa fa-hand-o-right', 'font-awesome'),
	(165, 'fa fa-hand-o-left', 'font-awesome'),
	(166, 'fa fa-hand-o-up', 'font-awesome'),
	(167, 'fa fa-hand-o-down', 'font-awesome'),
	(168, 'fa fa-arrow-circle-left', 'font-awesome'),
	(169, 'fa fa-arrow-circle-right', 'font-awesome'),
	(170, 'fa fa-arrow-circle-up', 'font-awesome'),
	(171, 'fa fa-arrow-circle-down', 'font-awesome'),
	(172, 'fa fa-globe', 'font-awesome'),
	(173, 'fa fa-wrench', 'font-awesome'),
	(174, 'fa fa-tasks', 'font-awesome'),
	(175, 'fa fa-filter', 'font-awesome'),
	(176, 'fa fa-briefcase', 'font-awesome'),
	(177, 'fa fa-arrows-alt', 'font-awesome'),
	(178, 'fa fa-group', 'font-awesome'),
	(179, 'fa fa-users', 'font-awesome'),
	(180, 'fa fa-chain', 'font-awesome'),
	(181, 'fa fa-link', 'font-awesome'),
	(182, 'fa fa-cloud', 'font-awesome'),
	(183, 'fa fa-flask', 'font-awesome'),
	(184, 'fa fa-cut', 'font-awesome'),
	(185, 'fa fa-scissors', 'font-awesome'),
	(186, 'fa fa-copy', 'font-awesome'),
	(187, 'fa fa-files-o', 'font-awesome'),
	(188, 'fa fa-paperclip', 'font-awesome'),
	(189, 'fa fa-save', 'font-awesome'),
	(190, 'fa fa-floppy-o', 'font-awesome'),
	(191, 'fa fa-square', 'font-awesome'),
	(192, 'fa fa-navicon', 'font-awesome'),
	(193, 'fa fa-reorder', 'font-awesome'),
	(194, 'fa fa-bars', 'font-awesome'),
	(195, 'fa fa-list-ul', 'font-awesome'),
	(196, 'fa fa-list-ol', 'font-awesome'),
	(197, 'fa fa-strikethrough', 'font-awesome'),
	(198, 'fa fa-underline', 'font-awesome'),
	(199, 'fa fa-table', 'font-awesome'),
	(200, 'fa fa-magic', 'font-awesome'),
	(201, 'fa fa-truck', 'font-awesome'),
	(202, 'fa fa-pinterest', 'font-awesome'),
	(203, 'fa fa-pinterest-square', 'font-awesome'),
	(204, 'fa fa-google-plus-square', 'font-awesome'),
	(205, 'fa fa-google-plus', 'font-awesome'),
	(206, 'fa fa-money', 'font-awesome'),
	(207, 'fa fa-caret-down', 'font-awesome'),
	(208, 'fa fa-caret-up', 'font-awesome'),
	(209, 'fa fa-caret-left', 'font-awesome'),
	(210, 'fa fa-caret-right', 'font-awesome'),
	(211, 'fa fa-columns', 'font-awesome'),
	(212, 'fa fa-unsorted', 'font-awesome'),
	(213, 'fa fa-sort', 'font-awesome'),
	(214, 'fa fa-sort-down', 'font-awesome'),
	(215, 'fa fa-sort-desc', 'font-awesome'),
	(216, 'fa fa-sort-up', 'font-awesome'),
	(217, 'fa fa-sort-asc', 'font-awesome'),
	(218, 'fa fa-envelope', 'font-awesome'),
	(219, 'fa fa-linkedin', 'font-awesome'),
	(220, 'fa fa-rotate-left', 'font-awesome'),
	(221, 'fa fa-undo', 'font-awesome'),
	(222, 'fa fa-legal', 'font-awesome'),
	(223, 'fa fa-gavel', 'font-awesome'),
	(224, 'fa fa-dashboard', 'font-awesome'),
	(225, 'fa fa-tachometer', 'font-awesome'),
	(226, 'fa fa-comment-o', 'font-awesome'),
	(227, 'fa fa-comments-o', 'font-awesome'),
	(228, 'fa fa-flash', 'font-awesome'),
	(229, 'fa fa-bolt', 'font-awesome'),
	(230, 'fa fa-sitemap', 'font-awesome'),
	(231, 'fa fa-umbrella', 'font-awesome'),
	(232, 'fa fa-paste', 'font-awesome'),
	(233, 'fa fa-clipboard', 'font-awesome'),
	(234, 'fa fa-lightbulb-o', 'font-awesome'),
	(235, 'fa fa-exchange', 'font-awesome'),
	(236, 'fa fa-cloud-download', 'font-awesome'),
	(237, 'fa fa-cloud-upload', 'font-awesome'),
	(238, 'fa fa-user-md', 'font-awesome'),
	(239, 'fa fa-stethoscope', 'font-awesome'),
	(240, 'fa fa-suitcase', 'font-awesome'),
	(241, 'fa fa-bell-o', 'font-awesome'),
	(242, 'fa fa-coffee', 'font-awesome'),
	(243, 'fa fa-cutlery', 'font-awesome'),
	(244, 'fa fa-file-text-o', 'font-awesome'),
	(245, 'fa fa-building-o', 'font-awesome'),
	(246, 'fa fa-hospital-o', 'font-awesome'),
	(247, 'fa fa-ambulance', 'font-awesome'),
	(248, 'fa fa-medkit', 'font-awesome'),
	(249, 'fa fa-fighter-jet', 'font-awesome'),
	(250, 'fa fa-beer', 'font-awesome'),
	(251, 'fa fa-h-square', 'font-awesome'),
	(252, 'fa fa-plus-square', 'font-awesome'),
	(253, 'fa fa-angle-double-left', 'font-awesome'),
	(254, 'fa fa-angle-double-right', 'font-awesome'),
	(255, 'fa fa-angle-double-up', 'font-awesome'),
	(256, 'fa fa-angle-double-down', 'font-awesome'),
	(257, 'fa fa-angle-left', 'font-awesome'),
	(258, 'fa fa-angle-right', 'font-awesome'),
	(259, 'fa fa-angle-up', 'font-awesome'),
	(260, 'fa fa-angle-down', 'font-awesome'),
	(261, 'fa fa-desktop', 'font-awesome'),
	(262, 'fa fa-laptop', 'font-awesome'),
	(263, 'fa fa-tablet', 'font-awesome'),
	(264, 'fa fa-mobile-phone', 'font-awesome'),
	(265, 'fa fa-mobile', 'font-awesome'),
	(266, 'fa fa-circle-o', 'font-awesome'),
	(267, 'fa fa-quote-left', 'font-awesome'),
	(268, 'fa fa-quote-right', 'font-awesome'),
	(269, 'fa fa-spinner', 'font-awesome'),
	(270, 'fa fa-circle', 'font-awesome'),
	(271, 'fa fa-mail-reply', 'font-awesome'),
	(272, 'fa fa-reply', 'font-awesome'),
	(273, 'fa fa-github-alt', 'font-awesome'),
	(274, 'fa fa-folder-o', 'font-awesome'),
	(275, 'fa fa-folder-open-o', 'font-awesome'),
	(276, 'fa fa-smile-o', 'font-awesome'),
	(277, 'fa fa-frown-o', 'font-awesome'),
	(278, 'fa fa-meh-o', 'font-awesome'),
	(279, 'fa fa-gamepad', 'font-awesome'),
	(280, 'fa fa-keyboard-o', 'font-awesome'),
	(281, 'fa fa-flag-o', 'font-awesome'),
	(282, 'fa fa-flag-checkered', 'font-awesome'),
	(283, 'fa fa-terminal', 'font-awesome'),
	(284, 'fa fa-code', 'font-awesome'),
	(285, 'fa fa-mail-reply-all', 'font-awesome'),
	(286, 'fa fa-reply-all', 'font-awesome'),
	(287, 'fa fa-star-half-empty', 'font-awesome'),
	(288, 'fa fa-star-half-full', 'font-awesome'),
	(289, 'fa fa-star-half-o', 'font-awesome'),
	(290, 'fa fa-location-arrow', 'font-awesome'),
	(291, 'fa fa-crop', 'font-awesome'),
	(292, 'fa fa-code-fork', 'font-awesome'),
	(293, 'fa fa-unlink', 'font-awesome'),
	(294, 'fa fa-chain-broken', 'font-awesome'),
	(295, 'fa fa-question', 'font-awesome'),
	(296, 'fa fa-info', 'font-awesome'),
	(297, 'fa fa-exclamation', 'font-awesome'),
	(298, 'fa fa-superscript', 'font-awesome'),
	(299, 'fa fa-subscript', 'font-awesome'),
	(300, 'fa fa-eraser', 'font-awesome'),
	(301, 'fa fa-puzzle-piece', 'font-awesome'),
	(302, 'fa fa-microphone', 'font-awesome'),
	(303, 'fa fa-microphone-slash', 'font-awesome'),
	(304, 'fa fa-shield', 'font-awesome'),
	(305, 'fa fa-calendar-o', 'font-awesome'),
	(306, 'fa fa-fire-extinguisher', 'font-awesome'),
	(307, 'fa fa-rocket', 'font-awesome'),
	(308, 'fa fa-maxcdn', 'font-awesome'),
	(309, 'fa fa-chevron-circle-left', 'font-awesome'),
	(310, 'fa fa-chevron-circle-right', 'font-awesome'),
	(311, 'fa fa-chevron-circle-up', 'font-awesome'),
	(312, 'fa fa-chevron-circle-down', 'font-awesome'),
	(313, 'fa fa-html5', 'font-awesome'),
	(314, 'fa fa-css3', 'font-awesome'),
	(315, 'fa fa-anchor', 'font-awesome'),
	(316, 'fa fa-unlock-alt', 'font-awesome'),
	(317, 'fa fa-bullseye', 'font-awesome'),
	(318, 'fa fa-ellipsis-h', 'font-awesome'),
	(319, 'fa fa-ellipsis-v', 'font-awesome'),
	(320, 'fa fa-rss-square', 'font-awesome'),
	(321, 'fa fa-play-circle', 'font-awesome'),
	(322, 'fa fa-ticket', 'font-awesome'),
	(323, 'fa fa-minus-square', 'font-awesome'),
	(324, 'fa fa-minus-square-o', 'font-awesome'),
	(325, 'fa fa-level-up', 'font-awesome'),
	(326, 'fa fa-level-down', 'font-awesome'),
	(327, 'fa fa-check-square', 'font-awesome'),
	(328, 'fa fa-pencil-square', 'font-awesome'),
	(329, 'fa fa-external-link-square', 'font-awesome'),
	(330, 'fa fa-share-square', 'font-awesome'),
	(331, 'fa fa-compass', 'font-awesome'),
	(332, 'fa fa-toggle-down', 'font-awesome'),
	(333, 'fa fa-caret-square-o-down', 'font-awesome'),
	(334, 'fa fa-toggle-up', 'font-awesome'),
	(335, 'fa fa-caret-square-o-up', 'font-awesome'),
	(336, 'fa fa-toggle-right', 'font-awesome'),
	(337, 'fa fa-caret-square-o-right', 'font-awesome'),
	(338, 'fa fa-euro', 'font-awesome'),
	(339, 'fa fa-eur', 'font-awesome'),
	(340, 'fa fa-gbp', 'font-awesome'),
	(341, 'fa fa-dollar', 'font-awesome'),
	(342, 'fa fa-usd', 'font-awesome'),
	(343, 'fa fa-rupee', 'font-awesome'),
	(344, 'fa fa-inr', 'font-awesome'),
	(345, 'fa fa-cny', 'font-awesome'),
	(346, 'fa fa-rmb', 'font-awesome'),
	(347, 'fa fa-yen', 'font-awesome'),
	(348, 'fa fa-jpy', 'font-awesome'),
	(349, 'fa fa-ruble', 'font-awesome'),
	(350, 'fa fa-rouble', 'font-awesome'),
	(351, 'fa fa-rub', 'font-awesome'),
	(352, 'fa fa-won', 'font-awesome'),
	(353, 'fa fa-krw', 'font-awesome'),
	(354, 'fa fa-bitcoin', 'font-awesome'),
	(355, 'fa fa-btc', 'font-awesome'),
	(356, 'fa fa-file', 'font-awesome'),
	(357, 'fa fa-file-text', 'font-awesome'),
	(358, 'fa fa-sort-alpha-asc', 'font-awesome'),
	(359, 'fa fa-sort-alpha-desc', 'font-awesome'),
	(360, 'fa fa-sort-amount-asc', 'font-awesome'),
	(361, 'fa fa-sort-amount-desc', 'font-awesome'),
	(362, 'fa fa-sort-numeric-asc', 'font-awesome'),
	(363, 'fa fa-sort-numeric-desc', 'font-awesome'),
	(364, 'fa fa-thumbs-up', 'font-awesome'),
	(365, 'fa fa-thumbs-down', 'font-awesome'),
	(366, 'fa fa-youtube-square', 'font-awesome'),
	(367, 'fa fa-youtube', 'font-awesome'),
	(368, 'fa fa-xing', 'font-awesome'),
	(369, 'fa fa-xing-square', 'font-awesome'),
	(370, 'fa fa-youtube-play', 'font-awesome'),
	(371, 'fa fa-dropbox', 'font-awesome'),
	(372, 'fa fa-stack-overflow', 'font-awesome'),
	(373, 'fa fa-instagram', 'font-awesome'),
	(374, 'fa fa-flickr', 'font-awesome'),
	(375, 'fa fa-adn', 'font-awesome'),
	(376, 'fa fa-bitbucket', 'font-awesome'),
	(377, 'fa fa-bitbucket-square', 'font-awesome'),
	(378, 'fa fa-tumblr', 'font-awesome'),
	(379, 'fa fa-tumblr-square', 'font-awesome'),
	(380, 'fa fa-long-arrow-down', 'font-awesome'),
	(381, 'fa fa-long-arrow-up', 'font-awesome'),
	(382, 'fa fa-long-arrow-left', 'font-awesome'),
	(383, 'fa fa-long-arrow-right', 'font-awesome'),
	(384, 'fa fa-apple', 'font-awesome'),
	(385, 'fa fa-windows', 'font-awesome'),
	(386, 'fa fa-android', 'font-awesome'),
	(387, 'fa fa-linux', 'font-awesome'),
	(388, 'fa fa-dribbble', 'font-awesome'),
	(389, 'fa fa-skype', 'font-awesome'),
	(390, 'fa fa-foursquare', 'font-awesome'),
	(391, 'fa fa-trello', 'font-awesome'),
	(392, 'fa fa-female', 'font-awesome'),
	(393, 'fa fa-male', 'font-awesome'),
	(394, 'fa fa-gittip', 'font-awesome'),
	(395, 'fa fa-sun-o', 'font-awesome'),
	(396, 'fa fa-moon-o', 'font-awesome'),
	(397, 'fa fa-archive', 'font-awesome'),
	(398, 'fa fa-bug', 'font-awesome'),
	(399, 'fa fa-vk', 'font-awesome'),
	(400, 'fa fa-weibo', 'font-awesome'),
	(401, 'fa fa-renren', 'font-awesome'),
	(402, 'fa fa-pagelines', 'font-awesome'),
	(403, 'fa fa-stack-exchange', 'font-awesome'),
	(404, 'fa fa-arrow-circle-o-right', 'font-awesome'),
	(405, 'fa fa-arrow-circle-o-left', 'font-awesome'),
	(406, 'fa fa-toggle-left', 'font-awesome'),
	(407, 'fa fa-caret-square-o-left', 'font-awesome'),
	(408, 'fa fa-dot-circle-o', 'font-awesome'),
	(409, 'fa fa-wheelchair', 'font-awesome'),
	(410, 'fa fa-vimeo-square', 'font-awesome'),
	(411, 'fa fa-turkish-lira', 'font-awesome'),
	(412, 'fa fa-try', 'font-awesome'),
	(413, 'fa fa-plus-square-o', 'font-awesome'),
	(414, 'fa fa-space-shuttle', 'font-awesome'),
	(415, 'fa fa-slack', 'font-awesome'),
	(416, 'fa fa-envelope-square', 'font-awesome'),
	(417, 'fa fa-wordpress', 'font-awesome'),
	(418, 'fa fa-openid', 'font-awesome'),
	(419, 'fa fa-institution', 'font-awesome'),
	(420, 'fa fa-bank', 'font-awesome'),
	(421, 'fa fa-university', 'font-awesome'),
	(422, 'fa fa-mortar-board', 'font-awesome'),
	(423, 'fa fa-graduation-cap', 'font-awesome'),
	(424, 'fa fa-yahoo', 'font-awesome'),
	(425, 'fa fa-google', 'font-awesome'),
	(426, 'fa fa-reddit', 'font-awesome'),
	(427, 'fa fa-reddit-square', 'font-awesome'),
	(428, 'fa fa-stumbleupon-circle', 'font-awesome'),
	(429, 'fa fa-stumbleupon', 'font-awesome'),
	(430, 'fa fa-delicious', 'font-awesome'),
	(431, 'fa fa-digg', 'font-awesome'),
	(432, 'fa fa-pied-piper-square', 'font-awesome'),
	(433, 'fa fa-pied-piper', 'font-awesome'),
	(434, 'fa fa-pied-piper-alt', 'font-awesome'),
	(435, 'fa fa-drupal', 'font-awesome'),
	(436, 'fa fa-joomla', 'font-awesome'),
	(437, 'fa fa-language', 'font-awesome'),
	(438, 'fa fa-fax', 'font-awesome'),
	(439, 'fa fa-building', 'font-awesome'),
	(440, 'fa fa-child', 'font-awesome'),
	(441, 'fa fa-paw', 'font-awesome'),
	(442, 'fa fa-spoon', 'font-awesome'),
	(443, 'fa fa-cube', 'font-awesome'),
	(444, 'fa fa-cubes', 'font-awesome'),
	(445, 'fa fa-behance', 'font-awesome'),
	(446, 'fa fa-behance-square', 'font-awesome'),
	(447, 'fa fa-steam', 'font-awesome'),
	(448, 'fa fa-steam-square', 'font-awesome'),
	(449, 'fa fa-recycle', 'font-awesome'),
	(450, 'fa fa-automobile', 'font-awesome'),
	(451, 'fa fa-car', 'font-awesome'),
	(452, 'fa fa-cab', 'font-awesome'),
	(453, 'fa fa-taxi', 'font-awesome'),
	(454, 'fa fa-tree', 'font-awesome'),
	(455, 'fa fa-spotify', 'font-awesome'),
	(456, 'fa fa-deviantart', 'font-awesome'),
	(457, 'fa fa-soundcloud', 'font-awesome'),
	(458, 'fa fa-database', 'font-awesome'),
	(459, 'fa fa-file-pdf-o', 'font-awesome'),
	(460, 'fa fa-file-word-o', 'font-awesome'),
	(461, 'fa fa-file-excel-o', 'font-awesome'),
	(462, 'fa fa-file-powerpoint-o', 'font-awesome'),
	(463, 'fa fa-file-photo-o', 'font-awesome'),
	(464, 'fa fa-file-picture-o', 'font-awesome'),
	(465, 'fa fa-file-image-o', 'font-awesome'),
	(466, 'fa fa-file-zip-o', 'font-awesome'),
	(467, 'fa fa-file-archive-o', 'font-awesome'),
	(468, 'fa fa-file-sound-o', 'font-awesome'),
	(469, 'fa fa-file-audio-o', 'font-awesome'),
	(470, 'fa fa-file-movie-o', 'font-awesome'),
	(471, 'fa fa-file-video-o', 'font-awesome'),
	(472, 'fa fa-file-code-o', 'font-awesome'),
	(473, 'fa fa-vine', 'font-awesome'),
	(474, 'fa fa-codepen', 'font-awesome'),
	(475, 'fa fa-jsfiddle', 'font-awesome'),
	(476, 'fa fa-life-bouy', 'font-awesome'),
	(477, 'fa fa-life-saver', 'font-awesome'),
	(478, 'fa fa-support', 'font-awesome'),
	(479, 'fa fa-life-ring', 'font-awesome'),
	(480, 'fa fa-circle-o-notch', 'font-awesome'),
	(481, 'fa fa-ra', 'font-awesome'),
	(482, 'fa fa-rebel', 'font-awesome'),
	(483, 'fa fa-ge', 'font-awesome'),
	(484, 'fa fa-empire', 'font-awesome'),
	(485, 'fa fa-git-square', 'font-awesome'),
	(486, 'fa fa-git', 'font-awesome'),
	(487, 'fa fa-hacker-news', 'font-awesome'),
	(488, 'fa fa-tencent-weibo', 'font-awesome'),
	(489, 'fa fa-qq', 'font-awesome'),
	(490, 'fa fa-wechat', 'font-awesome'),
	(491, 'fa fa-weixin', 'font-awesome'),
	(492, 'fa fa-send', 'font-awesome'),
	(493, 'fa fa-paper-plane', 'font-awesome'),
	(494, 'fa fa-send-o', 'font-awesome'),
	(495, 'fa fa-paper-plane-o', 'font-awesome'),
	(496, 'fa fa-history', 'font-awesome'),
	(497, 'fa fa-circle-thin', 'font-awesome'),
	(498, 'fa fa-header', 'font-awesome'),
	(499, 'fa fa-paragraph', 'font-awesome'),
	(500, 'fa fa-sliders', 'font-awesome'),
	(501, 'fa fa-share-alt', 'font-awesome'),
	(502, 'fa fa-share-alt-square', 'font-awesome'),
	(503, 'fa fa-bomb', 'font-awesome'),
	(504, 'arrow_up', 'elegant-icon'),
	(505, 'arrow_down', 'elegant-icon'),
	(506, 'arrow_left', 'elegant-icon'),
	(507, 'arrow_right', 'elegant-icon'),
	(508, 'arrow_left-up', 'elegant-icon'),
	(509, 'arrow_right-up', 'elegant-icon'),
	(510, 'arrow_right-down', 'elegant-icon'),
	(511, 'arrow_left-down', 'elegant-icon'),
	(512, 'arrow-up-down', 'elegant-icon'),
	(513, 'arrow_up-down_alt', 'elegant-icon'),
	(514, 'arrow_left-right_alt', 'elegant-icon'),
	(515, 'arrow_left-right', 'elegant-icon'),
	(516, 'arrow_expand_alt2', 'elegant-icon'),
	(517, 'arrow_expand_alt', 'elegant-icon'),
	(518, 'arrow_condense', 'elegant-icon'),
	(519, 'arrow_expand', 'elegant-icon'),
	(520, 'arrow_move', 'elegant-icon'),
	(521, 'arrow_carrot-up', 'elegant-icon'),
	(522, 'arrow_carrot-down', 'elegant-icon'),
	(523, 'arrow_carrot-left', 'elegant-icon'),
	(524, 'arrow_carrot-right', 'elegant-icon'),
	(525, 'arrow_carrot-2up', 'elegant-icon'),
	(526, 'arrow_carrot-2down', 'elegant-icon'),
	(527, 'arrow_carrot-2left', 'elegant-icon'),
	(528, 'arrow_carrot-2right', 'elegant-icon'),
	(529, 'arrow_carrot-up_alt2', 'elegant-icon'),
	(530, 'arrow_carrot-down_alt2', 'elegant-icon'),
	(531, 'arrow_carrot-left_alt2', 'elegant-icon'),
	(532, 'arrow_carrot-right_alt2', 'elegant-icon'),
	(533, 'arrow_carrot-2up_alt2', 'elegant-icon'),
	(534, 'arrow_carrot-2down_alt2', 'elegant-icon'),
	(535, 'arrow_carrot-2left_alt2', 'elegant-icon'),
	(536, 'arrow_carrot-2right_alt2', 'elegant-icon'),
	(537, 'arrow_triangle-up', 'elegant-icon'),
	(538, 'arrow_triangle-down', 'elegant-icon'),
	(539, 'arrow_triangle-left', 'elegant-icon'),
	(540, 'arrow_triangle-right', 'elegant-icon'),
	(541, 'arrow_triangle-up_alt2', 'elegant-icon'),
	(542, 'arrow_triangle-down_alt2', 'elegant-icon'),
	(543, 'arrow_triangle-left_alt2', 'elegant-icon'),
	(544, 'arrow_triangle-right_alt2', 'elegant-icon'),
	(545, 'arrow_back', 'elegant-icon'),
	(546, 'icon_minus-06', 'elegant-icon'),
	(547, 'icon_plus', 'elegant-icon'),
	(548, 'icon_close', 'elegant-icon'),
	(549, 'icon_check', 'elegant-icon'),
	(550, 'icon_minus_alt2', 'elegant-icon'),
	(551, 'icon_plus_alt2', 'elegant-icon'),
	(552, 'icon_close_alt2', 'elegant-icon'),
	(553, 'icon_check_alt2', 'elegant-icon'),
	(554, 'icon_zoom-out_alt', 'elegant-icon'),
	(555, 'icon_zoom-in_alt', 'elegant-icon'),
	(556, 'icon_search', 'elegant-icon'),
	(557, 'icon_box-empty', 'elegant-icon'),
	(558, 'icon_box-selected', 'elegant-icon'),
	(559, 'icon_minus-box', 'elegant-icon'),
	(560, 'icon_plus-box', 'elegant-icon'),
	(561, 'icon_box-checked', 'elegant-icon'),
	(562, 'icon_circle-empty', 'elegant-icon'),
	(563, 'icon_circle-slelected', 'elegant-icon'),
	(564, 'icon_stop_alt2', 'elegant-icon'),
	(565, 'icon_stop', 'elegant-icon'),
	(566, 'icon_pause_alt2', 'elegant-icon'),
	(567, 'icon_pause', 'elegant-icon'),
	(568, 'icon_menu', 'elegant-icon'),
	(569, 'icon_menu-square_alt2', 'elegant-icon'),
	(570, 'icon_menu-circle_alt2', 'elegant-icon'),
	(571, 'icon_ul', 'elegant-icon'),
	(572, 'icon_ol', 'elegant-icon'),
	(573, 'icon_adjust-horiz', 'elegant-icon'),
	(574, 'icon_adjust-vert', 'elegant-icon'),
	(575, 'icon_document_alt', 'elegant-icon'),
	(576, 'icon_documents_alt', 'elegant-icon'),
	(577, 'icon_pencil', 'elegant-icon'),
	(578, 'icon_pencil-edit_alt', 'elegant-icon'),
	(579, 'icon_pencil-edit', 'elegant-icon'),
	(580, 'icon_folder-alt', 'elegant-icon'),
	(581, 'icon_folder-open_alt', 'elegant-icon'),
	(582, 'icon_folder-add_alt', 'elegant-icon'),
	(583, 'icon_info_alt', 'elegant-icon'),
	(584, 'icon_error-oct_alt', 'elegant-icon'),
	(585, 'icon_error-circle_alt', 'elegant-icon'),
	(586, 'icon_error-triangle_alt', 'elegant-icon'),
	(587, 'icon_question_alt2', 'elegant-icon'),
	(588, 'icon_question', 'elegant-icon'),
	(589, 'icon_comment_alt', 'elegant-icon'),
	(590, 'icon_chat_alt', 'elegant-icon'),
	(591, 'icon_vol-mute_alt', 'elegant-icon'),
	(592, 'icon_volume-low_alt', 'elegant-icon'),
	(593, 'icon_volume-high_alt', 'elegant-icon'),
	(594, 'icon_quotations', 'elegant-icon'),
	(595, 'icon_quotations_alt2', 'elegant-icon'),
	(596, 'icon_clock_alt', 'elegant-icon'),
	(597, 'icon_lock_alt', 'elegant-icon'),
	(598, 'icon_lock-open_alt', 'elegant-icon'),
	(599, 'icon_key_alt', 'elegant-icon'),
	(600, 'icon_cloud_alt', 'elegant-icon'),
	(601, 'icon_cloud-upload_alt', 'elegant-icon'),
	(602, 'icon_cloud-download_alt', 'elegant-icon'),
	(603, 'icon_image', 'elegant-icon'),
	(604, 'icon_images', 'elegant-icon'),
	(605, 'icon_lightbulb_alt', 'elegant-icon'),
	(606, 'icon_gift_alt', 'elegant-icon'),
	(607, 'icon_house_alt', 'elegant-icon'),
	(608, 'icon_genius', 'elegant-icon'),
	(609, 'icon_mobile', 'elegant-icon'),
	(610, 'icon_tablet', 'elegant-icon'),
	(611, 'icon_laptop', 'elegant-icon'),
	(612, 'icon_desktop', 'elegant-icon'),
	(613, 'icon_camera_alt', 'elegant-icon'),
	(614, 'icon_mail_alt', 'elegant-icon'),
	(615, 'icon_cone_alt', 'elegant-icon'),
	(616, 'icon_ribbon_alt', 'elegant-icon'),
	(617, 'icon_bag_alt', 'elegant-icon'),
	(618, 'icon_creditcard', 'elegant-icon'),
	(619, 'icon_cart_alt', 'elegant-icon'),
	(620, 'icon_paperclip', 'elegant-icon'),
	(621, 'icon_tag_alt', 'elegant-icon'),
	(622, 'icon_tags_alt', 'elegant-icon'),
	(623, 'icon_trash_alt', 'elegant-icon'),
	(624, 'icon_cursor_alt', 'elegant-icon'),
	(625, 'icon_mic_alt', 'elegant-icon'),
	(626, 'icon_compass_alt', 'elegant-icon'),
	(627, 'icon_pin_alt', 'elegant-icon'),
	(628, 'icon_pushpin_alt', 'elegant-icon'),
	(629, 'icon_map_alt', 'elegant-icon'),
	(630, 'icon_drawer_alt', 'elegant-icon'),
	(631, 'icon_toolbox_alt', 'elegant-icon'),
	(632, 'icon_book_alt', 'elegant-icon'),
	(633, 'icon_calendar', 'elegant-icon'),
	(634, 'icon_film', 'elegant-icon'),
	(635, 'icon_table', 'elegant-icon'),
	(636, 'icon_contacts_alt', 'elegant-icon'),
	(637, 'icon_headphones', 'elegant-icon'),
	(638, 'icon_lifesaver', 'elegant-icon'),
	(639, 'icon_piechart', 'elegant-icon'),
	(640, 'icon_refresh', 'elegant-icon'),
	(641, 'icon_link_alt', 'elegant-icon'),
	(642, 'icon_link', 'elegant-icon'),
	(643, 'icon_loading', 'elegant-icon'),
	(644, 'icon_blocked', 'elegant-icon'),
	(645, 'icon_archive_alt', 'elegant-icon'),
	(646, 'icon_heart_alt', 'elegant-icon'),
	(647, 'icon_star_alt', 'elegant-icon'),
	(648, 'icon_star-half_alt', 'elegant-icon'),
	(649, 'icon_star', 'elegant-icon'),
	(650, 'icon_star-half', 'elegant-icon'),
	(651, 'icon_tools', 'elegant-icon'),
	(652, 'icon_tool', 'elegant-icon'),
	(653, 'icon_cog', 'elegant-icon'),
	(654, 'icon_cogs', 'elegant-icon'),
	(655, 'arrow_up_alt', 'elegant-icon'),
	(656, 'arrow_down_alt', 'elegant-icon'),
	(657, 'arrow_left_alt', 'elegant-icon'),
	(658, 'arrow_right_alt', 'elegant-icon'),
	(659, 'arrow_left-up_alt', 'elegant-icon'),
	(660, 'arrow_right-up_alt', 'elegant-icon'),
	(661, 'arrow_right-down_alt', 'elegant-icon'),
	(662, 'arrow_left-down_alt', 'elegant-icon'),
	(663, 'arrow_condense_alt', 'elegant-icon'),
	(664, 'arrow_expand_alt3', 'elegant-icon'),
	(665, 'arrow_carrot_up_alt', 'elegant-icon'),
	(666, 'arrow_carrot-down_alt', 'elegant-icon'),
	(667, 'arrow_carrot-left_alt', 'elegant-icon'),
	(668, 'arrow_carrot-right_alt', 'elegant-icon'),
	(669, 'arrow_carrot-2up_alt', 'elegant-icon'),
	(670, 'arrow_carrot-2dwnn_alt', 'elegant-icon'),
	(671, 'arrow_carrot-2left_alt', 'elegant-icon'),
	(672, 'arrow_carrot-2right_alt', 'elegant-icon'),
	(673, 'arrow_triangle-up_alt', 'elegant-icon'),
	(674, 'arrow_triangle-down_alt', 'elegant-icon'),
	(675, 'arrow_triangle-left_alt', 'elegant-icon'),
	(676, 'arrow_triangle-right_alt', 'elegant-icon'),
	(677, 'icon_minus_alt', 'elegant-icon'),
	(678, 'icon_plus_alt', 'elegant-icon'),
	(679, 'icon_close_alt', 'elegant-icon'),
	(680, 'icon_check_alt', 'elegant-icon'),
	(681, 'icon_zoom-out', 'elegant-icon'),
	(682, 'icon_zoom-in', 'elegant-icon'),
	(683, 'icon_stop_alt', 'elegant-icon'),
	(684, 'icon_menu-square_alt', 'elegant-icon'),
	(685, 'icon_menu-circle_alt', 'elegant-icon'),
	(686, 'icon_document', 'elegant-icon'),
	(687, 'icon_documents', 'elegant-icon'),
	(688, 'icon_pencil_alt', 'elegant-icon'),
	(689, 'icon_folder', 'elegant-icon'),
	(690, 'icon_folder-open', 'elegant-icon'),
	(691, 'icon_folder-add', 'elegant-icon'),
	(692, 'icon_folder_upload', 'elegant-icon'),
	(693, 'icon_folder_download', 'elegant-icon'),
	(694, 'icon_info', 'elegant-icon'),
	(695, 'icon_error-circle', 'elegant-icon'),
	(696, 'icon_error-oct', 'elegant-icon'),
	(697, 'icon_error-triangle', 'elegant-icon'),
	(698, 'icon_question_alt', 'elegant-icon'),
	(699, 'icon_comment', 'elegant-icon'),
	(700, 'icon_chat', 'elegant-icon'),
	(701, 'icon_vol-mute', 'elegant-icon'),
	(702, 'icon_volume-low', 'elegant-icon'),
	(703, 'icon_volume-high', 'elegant-icon'),
	(704, 'icon_quotations_alt', 'elegant-icon'),
	(705, 'icon_clock', 'elegant-icon'),
	(706, 'icon_lock', 'elegant-icon'),
	(707, 'icon_lock-open', 'elegant-icon'),
	(708, 'icon_key', 'elegant-icon'),
	(709, 'icon_cloud', 'elegant-icon'),
	(710, 'icon_cloud-upload', 'elegant-icon'),
	(711, 'icon_cloud-download', 'elegant-icon'),
	(712, 'icon_lightbulb', 'elegant-icon'),
	(713, 'icon_gift', 'elegant-icon'),
	(714, 'icon_house', 'elegant-icon'),
	(715, 'icon_camera', 'elegant-icon'),
	(716, 'icon_mail', 'elegant-icon'),
	(717, 'icon_cone', 'elegant-icon'),
	(718, 'icon_ribbon', 'elegant-icon'),
	(719, 'icon_bag', 'elegant-icon'),
	(720, 'icon_cart', 'elegant-icon'),
	(721, 'icon_tag', 'elegant-icon'),
	(722, 'icon_tags', 'elegant-icon'),
	(723, 'icon_trash', 'elegant-icon'),
	(724, 'icon_cursor', 'elegant-icon'),
	(725, 'icon_mic', 'elegant-icon'),
	(726, 'icon_compass', 'elegant-icon'),
	(727, 'icon_pin', 'elegant-icon'),
	(728, 'icon_pushpin', 'elegant-icon'),
	(729, 'icon_map', 'elegant-icon'),
	(730, 'icon_drawer', 'elegant-icon'),
	(731, 'icon_toolbox', 'elegant-icon'),
	(732, 'icon_book', 'elegant-icon'),
	(733, 'icon_contacts', 'elegant-icon'),
	(734, 'icon_archive', 'elegant-icon'),
	(735, 'icon_heart', 'elegant-icon'),
	(736, 'icon_profile', 'elegant-icon'),
	(737, 'icon_group', 'elegant-icon'),
	(738, 'icon_grid-2x2', 'elegant-icon'),
	(739, 'icon_grid-3x3', 'elegant-icon'),
	(740, 'icon_music', 'elegant-icon'),
	(741, 'icon_pause_alt', 'elegant-icon'),
	(742, 'icon_phone', 'elegant-icon'),
	(743, 'icon_upload', 'elegant-icon'),
	(744, 'icon_download', 'elegant-icon'),
	(745, 'social_facebook', 'elegant-icon'),
	(746, 'social_twitter', 'elegant-icon'),
	(747, 'social_pinterest', 'elegant-icon'),
	(748, 'social_googleplus', 'elegant-icon'),
	(749, 'social_tumblr', 'elegant-icon'),
	(750, 'social_tumbleupon', 'elegant-icon'),
	(751, 'social_wordpress', 'elegant-icon'),
	(752, 'social_instagram', 'elegant-icon'),
	(753, 'social_dribbble', 'elegant-icon'),
	(754, 'social_vimeo', 'elegant-icon'),
	(755, 'social_linkedin', 'elegant-icon'),
	(756, 'social_rss', 'elegant-icon'),
	(757, 'social_deviantart', 'elegant-icon'),
	(758, 'social_share', 'elegant-icon'),
	(759, 'social_myspace', 'elegant-icon'),
	(760, 'social_skype', 'elegant-icon'),
	(761, 'social_youtube', 'elegant-icon'),
	(762, 'social_picassa', 'elegant-icon'),
	(763, 'social_googledrive', 'elegant-icon'),
	(764, 'social_flickr', 'elegant-icon'),
	(765, 'social_blogger', 'elegant-icon'),
	(766, 'social_spotify', 'elegant-icon'),
	(767, 'social_delicious', 'elegant-icon'),
	(768, 'social_facebook_circle', 'elegant-icon'),
	(769, 'social_twitter_circle', 'elegant-icon'),
	(770, 'social_pinterest_circle', 'elegant-icon'),
	(771, 'social_googleplus_circle', 'elegant-icon'),
	(772, 'social_tumblr_circle', 'elegant-icon'),
	(773, 'social_stumbleupon_circle', 'elegant-icon'),
	(774, 'social_wordpress_circle', 'elegant-icon'),
	(775, 'social_instagram_circle', 'elegant-icon'),
	(776, 'social_dribbble_circle', 'elegant-icon'),
	(777, 'social_vimeo_circle', 'elegant-icon'),
	(778, 'social_linkedin_circle', 'elegant-icon'),
	(779, 'social_rss_circle', 'elegant-icon'),
	(780, 'social_deviantart_circle', 'elegant-icon'),
	(781, 'social_share_circle', 'elegant-icon'),
	(782, 'social_myspace_circle', 'elegant-icon'),
	(783, 'social_skype_circle', 'elegant-icon'),
	(784, 'social_youtube_circle', 'elegant-icon'),
	(785, 'social_picassa_circle', 'elegant-icon'),
	(786, 'social_googledrive_alt2', 'elegant-icon'),
	(787, 'social_flickr_circle', 'elegant-icon'),
	(788, 'social_blogger_circle', 'elegant-icon'),
	(789, 'social_spotify_circle', 'elegant-icon'),
	(790, 'social_delicious_circle', 'elegant-icon'),
	(791, 'social_facebook_square', 'elegant-icon'),
	(792, 'social_twitter_square', 'elegant-icon'),
	(793, 'social_pinterest_square', 'elegant-icon'),
	(794, 'social_googleplus_square', 'elegant-icon'),
	(795, 'social_tumblr_square', 'elegant-icon'),
	(796, 'social_stumbleupon_square', 'elegant-icon'),
	(797, 'social_wordpress_square', 'elegant-icon'),
	(798, 'social_instagram_square', 'elegant-icon'),
	(799, 'social_dribbble_square', 'elegant-icon'),
	(800, 'social_vimeo_square', 'elegant-icon'),
	(801, 'social_linkedin_square', 'elegant-icon'),
	(802, 'social_rss_square', 'elegant-icon'),
	(803, 'social_deviantart_square', 'elegant-icon'),
	(804, 'social_share_square', 'elegant-icon'),
	(805, 'social_myspace_square', 'elegant-icon'),
	(806, 'social_skype_square', 'elegant-icon'),
	(807, 'social_youtube_square', 'elegant-icon'),
	(808, 'social_picassa_square', 'elegant-icon'),
	(809, 'social_googledrive_square', 'elegant-icon'),
	(810, 'social_flickr_square', 'elegant-icon'),
	(811, 'social_blogger_square', 'elegant-icon'),
	(812, 'social_spotify_square', 'elegant-icon'),
	(813, 'social_delicious_square', 'elegant-icon'),
	(814, 'icon_printer', 'elegant-icon'),
	(815, 'icon_calulator', 'elegant-icon'),
	(816, 'icon_building', 'elegant-icon'),
	(817, 'icon_floppy', 'elegant-icon'),
	(818, 'icon_drive', 'elegant-icon'),
	(819, 'icon_search-2', 'elegant-icon'),
	(820, 'icon_id', 'elegant-icon'),
	(821, 'icon_id-2', 'elegant-icon'),
	(822, 'icon_puzzle', 'elegant-icon'),
	(823, 'icon_like', 'elegant-icon'),
	(824, 'icon_dislike', 'elegant-icon'),
	(825, 'icon_mug', 'elegant-icon'),
	(826, 'icon_currency', 'elegant-icon'),
	(827, 'icon_wallet', 'elegant-icon'),
	(828, 'icon_pens', 'elegant-icon'),
	(829, 'icon_easel', 'elegant-icon'),
	(830, 'icon_flowchart', 'elegant-icon'),
	(831, 'icon_datareport', 'elegant-icon'),
	(832, 'icon_briefcase', 'elegant-icon'),
	(833, 'icon_shield', 'elegant-icon'),
	(834, 'icon_percent', 'elegant-icon'),
	(835, 'icon_globe', 'elegant-icon'),
	(836, 'icon_globe-2', 'elegant-icon'),
	(837, 'icon_target', 'elegant-icon'),
	(838, 'icon_hourglass', 'elegant-icon'),
	(839, 'icon_balance', 'elegant-icon'),
	(840, 'icon_rook', 'elegant-icon'),
	(841, 'icon_printer-alt', 'elegant-icon'),
	(842, 'icon_calculator_alt', 'elegant-icon'),
	(843, 'icon_building_alt', 'elegant-icon'),
	(844, 'icon_floppy_alt', 'elegant-icon'),
	(845, 'icon_drive_alt', 'elegant-icon'),
	(846, 'icon_search_alt', 'elegant-icon'),
	(847, 'icon_id_alt', 'elegant-icon'),
	(848, 'icon_id-2_alt', 'elegant-icon'),
	(849, 'icon_puzzle_alt', 'elegant-icon'),
	(850, 'icon_like_alt', 'elegant-icon'),
	(851, 'icon_dislike_alt', 'elegant-icon'),
	(852, 'icon_mug_alt', 'elegant-icon'),
	(853, 'icon_currency_alt', 'elegant-icon'),
	(854, 'icon_wallet_alt', 'elegant-icon'),
	(855, 'icon_pens_alt', 'elegant-icon'),
	(856, 'icon_easel_alt', 'elegant-icon'),
	(857, 'icon_flowchart_alt', 'elegant-icon'),
	(858, 'icon_datareport_alt', 'elegant-icon'),
	(859, 'icon_briefcase_alt', 'elegant-icon'),
	(860, 'icon_shield_alt', 'elegant-icon'),
	(861, 'icon_percent_alt', 'elegant-icon'),
	(862, 'icon_globe_alt', 'elegant-icon'),
	(863, 'icon_clipboard', 'elegant-icon');
/*!40000 ALTER TABLE `iconos` ENABLE KEYS */;

-- Volcando estructura para tabla appfactory.lista_precios
CREATE TABLE IF NOT EXISTS `lista_precios` (
  `id_lista_precio` int(10) NOT NULL AUTO_INCREMENT,
  `id_producto` int(10) DEFAULT NULL,
  `precio` int(10) DEFAULT NULL,
  `estado` tinyint(1) DEFAULT NULL,
  `inventario` int(10) DEFAULT NULL,
  PRIMARY KEY (`id_lista_precio`),
  KEY `id_producto` (`id_producto`),
  CONSTRAINT `FK_lista_precios_productos` FOREIGN KEY (`id_producto`) REFERENCES `productos` (`id_producto`)
) ENGINE=InnoDB AUTO_INCREMENT=13 DEFAULT CHARSET=utf8mb4;

-- Volcando datos para la tabla appfactory.lista_precios: ~12 rows (aproximadamente)
/*!40000 ALTER TABLE `lista_precios` DISABLE KEYS */;
INSERT INTO `lista_precios` (`id_lista_precio`, `id_producto`, `precio`, `estado`, `inventario`) VALUES
	(1, 1, 650, 1, 12),
	(2, 2, 800, 1, NULL),
	(3, 3, 850, 1, NULL),
	(4, 4, 115000, 1, NULL),
	(5, 5, 14500, 1, NULL),
	(6, 6, 36500, 1, NULL),
	(7, 7, 25500, 1, NULL),
	(8, 8, 29500, 1, NULL),
	(9, 9, 17400, 1, NULL),
	(10, 10, 12000, 1, NULL),
	(11, 11, 6200, 1, NULL),
	(12, 12, 25000, 1, NULL);
/*!40000 ALTER TABLE `lista_precios` ENABLE KEYS */;

-- Volcando estructura para tabla appfactory.menu
CREATE TABLE IF NOT EXISTS `menu` (
  `id_menu` int(10) NOT NULL AUTO_INCREMENT,
  `nombre` varchar(40) NOT NULL,
  `url` varchar(255) NOT NULL,
  `icon` varchar(50) DEFAULT NULL,
  `position` int(10) DEFAULT NULL,
  `orden` int(10) DEFAULT NULL,
  `estado` tinyint(1) DEFAULT NULL,
  PRIMARY KEY (`id_menu`)
) ENGINE=InnoDB AUTO_INCREMENT=12 DEFAULT CHARSET=utf8mb4;

-- Volcando datos para la tabla appfactory.menu: ~11 rows (aproximadamente)
/*!40000 ALTER TABLE `menu` DISABLE KEYS */;
INSERT INTO `menu` (`id_menu`, `nombre`, `url`, `icon`, `position`, `orden`, `estado`) VALUES
	(1, 'Inicio', 'dashboard', 'icon_house', 2, 1, 1),
	(2, 'Facturas', 'facturas', 'icon_folder-open', 2, 2, 1),
	(3, 'Consecutivos', 'consecutivos', 'icon_wallet_alt', 2, 3, 1),
	(4, 'Cola', 'cola', 'icon_documents', 2, 4, 1),
	(5, 'Ajustes', 'ajustes', 'fa fa-cog', 3, 1, 1),
	(6, 'Menus', 'menu', 'icon_menu-square_alt2', 2, 6, 1),
	(7, 'Iconos', 'icons', 'icon_image', 2, 7, 1),
	(8, 'Cerrar Sesión', 'logout', 'fa fa-sign-out cerrar_session', 3, 2, 1),
	(9, 'Productos', 'productos', 'fa fa-th-large', 2, 5, 1),
	(10, 'Inventario', 'inventario', 'fa fa-tasks', 2, 8, 1),
	(11, 'Proveedores', 'proveedores', 'icon_group', 2, 9, 1);
/*!40000 ALTER TABLE `menu` ENABLE KEYS */;

-- Volcando estructura para tabla appfactory.municipios
CREATE TABLE IF NOT EXISTS `municipios` (
  `id_municipios` bigint(20) NOT NULL AUTO_INCREMENT,
  `nombre` varchar(255) NOT NULL,
  `departamento_id` bigint(20) NOT NULL,
  `codigo` int(11) NOT NULL,
  PRIMARY KEY (`id_municipios`),
  KEY `departamento_id` (`departamento_id`),
  CONSTRAINT `municipios_ibfk_1` FOREIGN KEY (`departamento_id`) REFERENCES `departamentos` (`id`)
) ENGINE=InnoDB AUTO_INCREMENT=1127 DEFAULT CHARSET=utf8;

-- Volcando datos para la tabla appfactory.municipios: ~1.126 rows (aproximadamente)
/*!40000 ALTER TABLE `municipios` DISABLE KEYS */;
INSERT INTO `municipios` (`id_municipios`, `nombre`, `departamento_id`, `codigo`) VALUES
	(1, 'MEDELLIN', 1, 1),
	(2, 'ABEJORRAL', 1, 2),
	(3, 'ABRIAQUI', 1, 4),
	(4, 'ALEJANDRIA', 1, 21),
	(5, 'AMAGA', 1, 30),
	(6, 'AMALFI', 1, 31),
	(7, 'ANDES', 1, 34),
	(8, 'ANGELOPOLIS', 1, 36),
	(9, 'ANGOSTURA', 1, 38),
	(10, 'ANORI', 1, 40),
	(11, 'ANTIOQUIA', 1, 42),
	(12, 'ANZA', 1, 44),
	(13, 'APARTADO', 1, 45),
	(14, 'ARBOLETES', 1, 51),
	(15, 'ARGELIA', 1, 55),
	(16, 'ARMENIA', 1, 59),
	(17, 'BARBOSA', 1, 79),
	(18, 'BELMIRA', 1, 86),
	(19, 'BELLO', 1, 88),
	(20, 'BETANIA', 1, 91),
	(21, 'BETULIA', 1, 93),
	(22, 'BOLIVAR', 1, 101),
	(23, 'BRICEÑO', 1, 107),
	(24, 'BURITICA', 1, 113),
	(25, 'CACERES', 1, 120),
	(26, 'CAICEDO', 1, 125),
	(27, 'CALDAS', 1, 129),
	(28, 'CAMPAMENTO', 1, 134),
	(29, 'CAÑASGORDAS', 1, 138),
	(30, 'CARACOLI', 1, 142),
	(31, 'CARAMANTA', 1, 145),
	(32, 'CAREPA', 1, 147),
	(33, 'CARMEN DE VIBORAL', 1, 148),
	(34, 'CAROLINA', 1, 150),
	(35, 'CAUCASIA', 1, 154),
	(36, 'CHIGORODO', 1, 172),
	(37, 'CISNEROS', 1, 190),
	(38, 'COCORNA', 1, 197),
	(39, 'CONCEPCION', 1, 206),
	(40, 'CONCORDIA', 1, 209),
	(41, 'COPACABANA', 1, 212),
	(42, 'DABEIBA', 1, 234),
	(43, 'DON MATIAS', 1, 237),
	(44, 'EBEJICO', 1, 240),
	(45, 'EL BAGRE', 1, 250),
	(46, 'ENTRERRIOS', 1, 264),
	(47, 'ENVIGADO', 1, 266),
	(48, 'FREDONIA', 1, 282),
	(49, 'FRONTINO', 1, 284),
	(50, 'GIRALDO', 1, 306),
	(51, 'GIRARDOTA', 1, 308),
	(52, 'GOMEZ PLATA', 1, 310),
	(53, 'GRANADA', 1, 313),
	(54, 'GUADALUPE', 1, 315),
	(55, 'GUARNE', 1, 318),
	(56, 'GUATAPE', 1, 321),
	(57, 'HELICONIA', 1, 347),
	(58, 'HISPANIA', 1, 353),
	(59, 'ITAGUI', 1, 360),
	(60, 'ITUANGO', 1, 361),
	(61, 'JARDIN', 1, 364),
	(62, 'JERICO', 1, 368),
	(63, 'LA CEJA', 1, 376),
	(64, 'LA ESTRELLA', 1, 380),
	(65, 'LA PINTADA', 1, 390),
	(66, 'LA UNION', 1, 400),
	(67, 'LIBORINA', 1, 411),
	(68, 'MACEO', 1, 425),
	(69, 'MARINILLA', 1, 440),
	(70, 'MONTEBELLO', 1, 467),
	(71, 'MURINDO', 1, 475),
	(72, 'MUTATA', 1, 480),
	(73, 'NARIÑO', 1, 483),
	(74, 'NECOCLI', 1, 490),
	(75, 'NECHI', 1, 495),
	(76, 'OLAYA', 1, 501),
	(77, 'PEÑOL', 1, 541),
	(78, 'PEQUE', 1, 543),
	(79, 'PUEBLORRICO', 1, 576),
	(80, 'PUERTO BERRIO', 1, 579),
	(81, 'PUERTO NARE (LA MAGDALENA)', 1, 585),
	(82, 'PUERTO TRIUNFO', 1, 591),
	(83, 'REMEDIOS', 1, 604),
	(84, 'RETIRO', 1, 607),
	(85, 'RIONEGRO', 1, 615),
	(86, 'SABANALARGA', 1, 628),
	(87, 'SABANETA', 1, 631),
	(88, 'SALGAR', 1, 642),
	(89, 'SAN ANDRES', 1, 647),
	(90, 'SAN CARLOS', 1, 649),
	(91, 'SAN FRANCISCO', 1, 652),
	(92, 'SAN JERONIMO', 1, 656),
	(93, 'SAN JOSE DE LA MONTAÑA', 1, 658),
	(94, 'SAN JUAN DE URABA', 1, 659),
	(95, 'SAN LUIS', 1, 660),
	(96, 'SAN PEDRO', 1, 664),
	(97, 'SAN PEDRO DE URABA', 1, 665),
	(98, 'SAN RAFAEL', 1, 667),
	(99, 'SAN ROQUE', 1, 670),
	(100, 'SAN VICENTE', 1, 674),
	(101, 'SANTA BARBARA', 1, 679),
	(102, 'SANTA ROSA DE OSOS', 1, 686),
	(103, 'SANTO DOMINGO', 1, 690),
	(104, 'SANTUARIO', 1, 697),
	(105, 'SEGOVIA', 1, 736),
	(106, 'SONSON', 1, 756),
	(107, 'SOPETRAN', 1, 761),
	(108, 'TAMESIS', 1, 789),
	(109, 'TARAZA', 1, 790),
	(110, 'TARSO', 1, 792),
	(111, 'TITIRIBI', 1, 809),
	(112, 'TOLEDO', 1, 819),
	(113, 'TURBO', 1, 837),
	(114, 'URAMITA', 1, 842),
	(115, 'URRAO', 1, 847),
	(116, 'VALDIVIA', 1, 854),
	(117, 'VALPARAISO', 1, 856),
	(118, 'VEGACHI', 1, 858),
	(119, 'VENECIA', 1, 861),
	(120, 'VIGIA DEL FUERTE', 1, 873),
	(121, 'YALI', 1, 885),
	(122, 'YARUMAL', 1, 887),
	(123, 'YOLOMBO', 1, 890),
	(124, 'YONDO', 1, 893),
	(125, 'ZARAGOZA', 1, 895),
	(126, 'BARRANQUILLA', 2, 1),
	(127, 'BARANOA', 2, 78),
	(128, 'CAMPO DE LA CRUZ', 2, 137),
	(129, 'CANDELARIA', 2, 141),
	(130, 'GALAPA', 2, 296),
	(131, 'JUAN DE ACOSTA', 2, 372),
	(132, 'LURUACO', 2, 421),
	(133, 'MALAMBO', 2, 433),
	(134, 'MANATI', 2, 436),
	(135, 'PALMAR DE VARELA', 2, 520),
	(136, 'PIOJO', 2, 549),
	(137, 'POLO NUEVO', 2, 558),
	(138, 'PONEDERA', 2, 560),
	(139, 'PUERTO COLOMBIA', 2, 573),
	(140, 'REPELON', 2, 606),
	(141, 'SABANAGRANDE', 2, 634),
	(142, 'SABANALARGA', 2, 638),
	(143, 'SANTA LUCIA', 2, 675),
	(144, 'SANTO TOMAS', 2, 685),
	(145, 'SOLEDAD', 2, 758),
	(146, 'SUAN', 2, 770),
	(147, 'TUBARA', 2, 832),
	(148, 'USIACURI', 2, 849),
	(149, 'Santa Fe de Bogotá', 3, 1),
	(150, 'USAQUEN', 3, 1),
	(151, 'CHAPINERO', 3, 2),
	(152, 'SANTA FE', 3, 3),
	(153, 'SAN CRISTOBAL', 3, 4),
	(154, 'USME', 3, 5),
	(155, 'TUNJUELITO', 3, 6),
	(156, 'BOSA', 3, 7),
	(157, 'KENNEDY', 3, 8),
	(158, 'FONTIBON', 3, 9),
	(159, 'ENGATIVA', 3, 10),
	(160, 'SUBA', 3, 11),
	(161, 'BARRIOS UNIDOS', 3, 12),
	(162, 'TEUSAQUILLO', 3, 13),
	(163, 'MARTIRES', 3, 14),
	(164, 'ANTONIO NARIÑO', 3, 15),
	(165, 'PUENTE ARANDA', 3, 16),
	(166, 'CANDELARIA', 3, 17),
	(167, 'RAFAEL URIBE', 3, 18),
	(168, 'CIUDAD BOLIVAR', 3, 19),
	(169, 'SUMAPAZ', 3, 20),
	(170, 'CARTAGENA (DISTRITO TURISTICO Y CULTURAL DE CARTAGENA)', 4, 1),
	(171, 'ACHI', 4, 6),
	(172, 'ALTOS DEL ROSARIO', 4, 30),
	(173, 'ARENAL', 4, 42),
	(174, 'ARJONA', 4, 52),
	(175, 'ARROYOHONDO', 4, 62),
	(176, 'BARRANCO DE LOBA', 4, 74),
	(177, 'CALAMAR', 4, 140),
	(178, 'CANTAGALLO', 4, 160),
	(179, 'CICUCO', 4, 188),
	(180, 'CORDOBA', 4, 212),
	(181, 'CLEMENCIA', 4, 222),
	(182, 'EL CARMEN DE BOLIVAR', 4, 244),
	(183, 'EL GUAMO', 4, 248),
	(184, 'EL PEÑON', 4, 268),
	(185, 'HATILLO DE LOBA', 4, 300),
	(186, 'MAGANGUE', 4, 430),
	(187, 'MAHATES', 4, 433),
	(188, 'MARGARITA', 4, 440),
	(189, 'MARIA LA BAJA', 4, 442),
	(190, 'MONTECRISTO', 4, 458),
	(191, 'MOMPOS', 4, 468),
	(192, 'MORALES', 4, 473),
	(193, 'PINILLOS', 4, 549),
	(194, 'REGIDOR', 4, 580),
	(195, 'RIO VIEJO', 4, 600),
	(196, 'SAN CRISTOBAL', 4, 620),
	(197, 'SAN ESTANISLAO', 4, 647),
	(198, 'SAN FERNANDO', 4, 650),
	(199, 'SAN JACINTO', 4, 654),
	(200, 'SAN JACINTO DEL CAUCA', 4, 655),
	(201, 'SAN JUAN NEPOMUCENO', 4, 657),
	(202, 'SAN MARTIN DE LOBA', 4, 667),
	(203, 'SAN PABLO', 4, 670),
	(204, 'SANTA CATALINA', 4, 673),
	(205, 'SANTA ROSA', 4, 683),
	(206, 'SANTA ROSA DEL SUR', 4, 688),
	(207, 'SIMITI', 4, 744),
	(208, 'SOPLAVIENTO', 4, 760),
	(209, 'TALAIGUA NUEVO', 4, 780),
	(210, 'TIQUISIO (PUERTO RICO)', 4, 810),
	(211, 'TURBACO', 4, 836),
	(212, 'TURBANA', 4, 838),
	(213, 'VILLANUEVA', 4, 873),
	(214, 'ZAMBRANO', 4, 894),
	(215, 'TUNJA', 5, 1),
	(216, 'ALMEIDA', 5, 22),
	(217, 'AQUITANIA', 5, 47),
	(218, 'ARCABUCO', 5, 51),
	(219, 'BELEN', 5, 87),
	(220, 'BERBEO', 5, 90),
	(221, 'BETEITIVA', 5, 92),
	(222, 'BOAVITA', 5, 97),
	(223, 'BOYACA', 5, 104),
	(224, 'BRICEÑO', 5, 106),
	(225, 'BUENAVISTA', 5, 109),
	(226, 'BUSBANZA', 5, 114),
	(227, 'CALDAS', 5, 131),
	(228, 'CAMPOHERMOSO', 5, 135),
	(229, 'CERINZA', 5, 162),
	(230, 'CHINAVITA', 5, 172),
	(231, 'CHIQUINQUIRA', 5, 176),
	(232, 'CHISCAS', 5, 180),
	(233, 'CHITA', 5, 183),
	(234, 'CHITARAQUE', 5, 185),
	(235, 'CHIVATA', 5, 187),
	(236, 'CIENEGA', 5, 189),
	(237, 'COMBITA', 5, 204),
	(238, 'COPER', 5, 212),
	(239, 'CORRALES', 5, 215),
	(240, 'COVARACHIA', 5, 218),
	(241, 'CUBARA', 5, 223),
	(242, 'CUCAITA', 5, 224),
	(243, 'CUITIVA', 5, 226),
	(244, 'CHIQUIZA', 5, 232),
	(245, 'CHIVOR', 5, 236),
	(246, 'DUITAMA', 5, 238),
	(247, 'EL COCUY', 5, 244),
	(248, 'EL ESPINO', 5, 248),
	(249, 'FIRAVITOBA', 5, 272),
	(250, 'FLORESTA', 5, 276),
	(251, 'GACHANTIVA', 5, 293),
	(252, 'GAMEZA', 5, 296),
	(253, 'GARAGOA', 5, 299),
	(254, 'GUACAMAYAS', 5, 317),
	(255, 'GUATEQUE', 5, 322),
	(256, 'GUAYATA', 5, 325),
	(257, 'GUICAN', 5, 332),
	(258, 'IZA', 5, 362),
	(259, 'JENESANO', 5, 367),
	(260, 'JERICO', 5, 368),
	(261, 'LABRANZAGRANDE', 5, 377),
	(262, 'LA CAPILLA', 5, 380),
	(263, 'LA VICTORIA', 5, 401),
	(264, 'LA UVITA', 5, 403),
	(265, 'VILLA DE LEIVA', 5, 407),
	(266, 'MACANAL', 5, 425),
	(267, 'MARIPI', 5, 442),
	(268, 'MIRAFLORES', 5, 455),
	(269, 'MONGUA', 5, 464),
	(270, 'MONGUI', 5, 466),
	(271, 'MONIQUIRA', 5, 469),
	(272, 'MOTAVITA', 5, 476),
	(273, 'MUZO', 5, 480),
	(274, 'NOBSA', 5, 491),
	(275, 'NUEVO COLON', 5, 494),
	(276, 'OICATA', 5, 500),
	(277, 'OTANCHE', 5, 507),
	(278, 'PACHAVITA', 5, 511),
	(279, 'PAEZ', 5, 514),
	(280, 'PAIPA', 5, 516),
	(281, 'PAJARITO', 5, 518),
	(282, 'PANQUEBA', 5, 522),
	(283, 'PAUNA', 5, 531),
	(284, 'PAYA', 5, 533),
	(285, 'PAZ DEL RIO', 5, 537),
	(286, 'PESCA', 5, 542),
	(287, 'PISBA', 5, 550),
	(288, 'PUERTO BOYACA', 5, 572),
	(289, 'QUIPAMA', 5, 580),
	(290, 'RAMIRIQUI', 5, 599),
	(291, 'RAQUIRA', 5, 600),
	(292, 'RONDON', 5, 621),
	(293, 'SABOYA', 5, 632),
	(294, 'SACHICA', 5, 638),
	(295, 'SAMACA', 5, 646),
	(296, 'SAN EDUARDO', 5, 660),
	(297, 'SAN JOSE DE PARE', 5, 664),
	(298, 'SAN LUIS DE GACENO', 5, 667),
	(299, 'SAN MATEO', 5, 673),
	(300, 'SAN MIGUEL DE SEMA', 5, 676),
	(301, 'SAN PABLO DE BORBUR', 5, 681),
	(302, 'SANTANA', 5, 686),
	(303, 'SANTA MARIA', 5, 690),
	(304, 'SANTA ROSA DE VITERBO', 5, 693),
	(305, 'SANTA SOFIA', 5, 696),
	(306, 'SATIVANORTE', 5, 720),
	(307, 'SATIVASUR', 5, 723),
	(308, 'SIACHOQUE', 5, 740),
	(309, 'SOATA', 5, 753),
	(310, 'SOCOTA', 5, 755),
	(311, 'SOCHA', 5, 757),
	(312, 'SOGAMOSO', 5, 759),
	(313, 'SOMONDOCO', 5, 761),
	(314, 'SORA', 5, 762),
	(315, 'SOTAQUIRA', 5, 763),
	(316, 'SORACA', 5, 764),
	(317, 'SUSACON', 5, 774),
	(318, 'SUTAMARCHAN', 5, 776),
	(319, 'SUTATENZA', 5, 778),
	(320, 'TASCO', 5, 790),
	(321, 'TENZA', 5, 798),
	(322, 'TIBANA', 5, 804),
	(323, 'TIBASOSA', 5, 806),
	(324, 'TINJACA', 5, 808),
	(325, 'TIPACOQUE', 5, 810),
	(326, 'TOCA', 5, 814),
	(327, 'TOGUI', 5, 816),
	(328, 'TOPAGA', 5, 820),
	(329, 'TOTA', 5, 822),
	(330, 'TUNUNGUA', 5, 832),
	(331, 'TURMEQUE', 5, 835),
	(332, 'TUTA', 5, 837),
	(333, 'TUTASA', 5, 839),
	(334, 'UMBITA', 5, 842),
	(335, 'VENTAQUEMADA', 5, 861),
	(336, 'VIRACACHA', 5, 879),
	(337, 'ZETAQUIRA', 5, 897),
	(338, 'MANIZALES', 6, 1),
	(339, 'AGUADAS', 6, 13),
	(340, 'ANSERMA', 6, 42),
	(341, 'ARANZAZU', 6, 50),
	(342, 'BELALCAZAR', 6, 88),
	(343, 'CHINCHINA', 6, 174),
	(344, 'FILADELFIA', 6, 272),
	(345, 'LA DORADA', 6, 380),
	(346, 'LA MERCED', 6, 388),
	(347, 'MANZANARES', 6, 433),
	(348, 'MARMATO', 6, 442),
	(349, 'MARQUETALIA', 6, 444),
	(350, 'MARULANDA', 6, 446),
	(351, 'NEIRA', 6, 486),
	(352, 'NORCASIA', 6, 495),
	(353, 'PACORA', 6, 513),
	(354, 'PALESTINA', 6, 524),
	(355, 'PENSILVANIA', 6, 541),
	(356, 'RIOSUCIO', 6, 614),
	(357, 'RISARALDA', 6, 616),
	(358, 'SALAMINA', 6, 653),
	(359, 'SAMANA', 6, 662),
	(360, 'SAN JOSE', 6, 665),
	(361, 'SUPIA', 6, 777),
	(362, 'VICTORIA', 6, 867),
	(363, 'VILLAMARIA', 6, 873),
	(364, 'VITERBO', 6, 877),
	(365, 'FLORENCIA', 7, 1),
	(366, 'ALBANIA', 7, 29),
	(367, 'BELEN DE LOS ANDAQUIES', 7, 94),
	(368, 'CARTAGENA DEL CHAIRA', 7, 150),
	(369, 'CURILLO', 7, 205),
	(370, 'EL DONCELLO', 7, 247),
	(371, 'EL PAUJIL', 7, 256),
	(372, 'LA MONTAÑITA', 7, 410),
	(373, 'MILAN', 7, 460),
	(374, 'MORELIA', 7, 479),
	(375, 'PUERTO RICO', 7, 592),
	(376, 'SAN JOSE DE FRAGUA', 7, 610),
	(377, 'SAN VICENTE DEL CAGUAN', 7, 753),
	(378, 'SOLANO', 7, 756),
	(379, 'SOLITA', 7, 785),
	(380, 'VALPARAISO', 7, 860),
	(381, 'POPAYAN', 8, 1),
	(382, 'ALMAGUER', 8, 22),
	(383, 'ARGELIA', 8, 50),
	(384, 'BALBOA', 8, 75),
	(385, 'BOLIVAR', 8, 100),
	(386, 'BUENOS AIRES', 8, 110),
	(387, 'CAJIBIO', 8, 130),
	(388, 'CALDONO', 8, 137),
	(389, 'CALOTO', 8, 142),
	(390, 'CORINTO', 8, 212),
	(391, 'EL TAMBO', 8, 256),
	(392, 'FLORENCIA', 8, 290),
	(393, 'GUAPI', 8, 318),
	(394, 'INZA', 8, 355),
	(395, 'JAMBALO', 8, 364),
	(396, 'LA SIERRA', 8, 392),
	(397, 'LA VEGA', 8, 397),
	(398, 'LOPEZ (MICAY)', 8, 418),
	(399, 'MERCADERES', 8, 450),
	(400, 'MIRANDA', 8, 455),
	(401, 'MORALES', 8, 473),
	(402, 'PADILLA', 8, 513),
	(403, 'PAEZ (BELALCAZAR)', 8, 517),
	(404, 'PATIA (EL BORDO)', 8, 532),
	(405, 'PIAMONTE', 8, 533),
	(406, 'PIENDAMO', 8, 548),
	(407, 'PUERTO TEJADA', 8, 573),
	(408, 'PURACE (COCONUCO)', 8, 585),
	(409, 'ROSAS', 8, 622),
	(410, 'SAN SEBASTIAN', 8, 693),
	(411, 'SANTANDER DE QUILICHAO', 8, 698),
	(412, 'SANTA ROSA', 8, 701),
	(413, 'SILVIA', 8, 743),
	(414, 'SOTARA (PAISPAMBA)', 8, 760),
	(415, 'SUAREZ', 8, 780),
	(416, 'TIMBIO', 8, 807),
	(417, 'TIMBIQUI', 8, 809),
	(418, 'TORIBIO', 8, 821),
	(419, 'TOTORO', 8, 824),
	(420, 'VILLARICA', 8, 845),
	(421, 'VALLEDUPAR', 9, 1),
	(422, 'AGUACHICA', 9, 11),
	(423, 'AGUSTIN CODAZZI', 9, 13),
	(424, 'ASTREA', 9, 32),
	(425, 'BECERRIL', 9, 45),
	(426, 'BOSCONIA', 9, 60),
	(427, 'CHIMICHAGUA', 9, 175),
	(428, 'CHIRIGUANA', 9, 178),
	(429, 'CURUMANI', 9, 228),
	(430, 'EL COPEY', 9, 238),
	(431, 'EL PASO', 9, 250),
	(432, 'GAMARRA', 9, 295),
	(433, 'GONZALEZ', 9, 310),
	(434, 'LA GLORIA', 9, 383),
	(435, 'LA JAGUA IBIRICO', 9, 400),
	(436, 'MANAURE (BALCON DEL CESAR)', 9, 443),
	(437, 'PAILITAS', 9, 517),
	(438, 'PELAYA', 9, 550),
	(439, 'PUEBLO BELLO', 9, 570),
	(440, 'RIO DE ORO', 9, 614),
	(441, 'LA PAZ (ROBLES)', 9, 621),
	(442, 'SAN ALBERTO', 9, 710),
	(443, 'SAN DIEGO', 9, 750),
	(444, 'SAN MARTIN', 9, 770),
	(445, 'TAMALAMEQUE', 9, 787),
	(446, 'MONTERIA', 10, 1),
	(447, 'AYAPEL', 10, 68),
	(448, 'BUENAVISTA', 10, 79),
	(449, 'CANALETE', 10, 90),
	(450, 'CERETE', 10, 162),
	(451, 'CHIMA', 10, 168),
	(452, 'CHINU', 10, 182),
	(453, 'CIENAGA DE ORO', 10, 189),
	(454, 'COTORRA', 10, 300),
	(455, 'LA APARTADA', 10, 350),
	(456, 'LORICA', 10, 417),
	(457, 'LOS CORDOBAS', 10, 419),
	(458, 'MOMIL', 10, 464),
	(459, 'MONTELIBANO', 10, 466),
	(460, 'MOÑITOS', 10, 500),
	(461, 'PLANETA RICA', 10, 555),
	(462, 'PUEBLO NUEVO', 10, 570),
	(463, 'PUERTO ESCONDIDO', 10, 574),
	(464, 'PUERTO LIBERTADOR', 10, 580),
	(465, 'PURISIMA', 10, 586),
	(466, 'SAHAGUN', 10, 660),
	(467, 'SAN ANDRES SOTAVENTO', 10, 670),
	(468, 'SAN ANTERO', 10, 672),
	(469, 'SAN BERNARDO DEL VIENTO', 10, 675),
	(470, 'SAN CARLOS', 10, 678),
	(471, 'SAN PELAYO', 10, 686),
	(472, 'TIERRALTA', 10, 807),
	(473, 'VALENCIA', 10, 855),
	(474, 'AGUA DE DIOS', 11, 1),
	(475, 'ALBAN', 11, 19),
	(476, 'ANAPOIMA', 11, 35),
	(477, 'ANOLAIMA', 11, 40),
	(478, 'ARBELAEZ', 11, 53),
	(479, 'BELTRAN', 11, 86),
	(480, 'BITUIMA', 11, 95),
	(481, 'BOJACA', 11, 99),
	(482, 'CABRERA', 11, 120),
	(483, 'CACHIPAY', 11, 123),
	(484, 'CAJICA', 11, 126),
	(485, 'CAPARRAPI', 11, 148),
	(486, 'CAQUEZA', 11, 151),
	(487, 'CARMEN DE CARUPA', 11, 154),
	(488, 'CHAGUANI', 11, 168),
	(489, 'CHIA', 11, 175),
	(490, 'CHIPAQUE', 11, 178),
	(491, 'CHOACHI', 11, 181),
	(492, 'CHOCONTA', 11, 183),
	(493, 'COGUA', 11, 200),
	(494, 'COTA', 11, 214),
	(495, 'CUCUNUBA', 11, 224),
	(496, 'EL COLEGIO', 11, 245),
	(497, 'EL PEÑON', 11, 258),
	(498, 'EL ROSAL', 11, 260),
	(499, 'FACATATIVA', 11, 269),
	(500, 'FOMEQUE', 11, 279),
	(501, 'FOSCA', 11, 281),
	(502, 'FUNZA', 11, 286),
	(503, 'FUQUENE', 11, 288),
	(504, 'FUSAGASUGA', 11, 290),
	(505, 'GACHALA', 11, 293),
	(506, 'GACHANCIPA', 11, 295),
	(507, 'GACHETA', 11, 297),
	(508, 'GAMA', 11, 299),
	(509, 'GIRARDOT', 11, 307),
	(510, 'GRANADA', 11, 312),
	(511, 'GUACHETA', 11, 317),
	(512, 'GUADUAS', 11, 320),
	(513, 'GUASCA', 11, 322),
	(514, 'GUATAQUI', 11, 324),
	(515, 'GUATAVITA', 11, 326),
	(516, 'GUAYABAL DE SIQUIMA', 11, 328),
	(517, 'GUAYABETAL', 11, 335),
	(518, 'GUTIERREZ', 11, 339),
	(519, 'JERUSALEN', 11, 368),
	(520, 'JUNIN', 11, 372),
	(521, 'LA CALERA', 11, 377),
	(522, 'LA MESA', 11, 386),
	(523, 'LA PALMA', 11, 394),
	(524, 'LA PEÑA', 11, 398),
	(525, 'LA VEGA', 11, 402),
	(526, 'LENGUAZAQUE', 11, 407),
	(527, 'MACHETA', 11, 426),
	(528, 'MADRID', 11, 430),
	(529, 'MANTA', 11, 436),
	(530, 'MEDINA', 11, 438),
	(531, 'MOSQUERA', 11, 473),
	(532, 'NARIÑO', 11, 483),
	(533, 'NEMOCON', 11, 486),
	(534, 'NILO', 11, 488),
	(535, 'NIMAIMA', 11, 489),
	(536, 'NOCAIMA', 11, 491),
	(537, 'VENECIA (OSPINA PEREZ)', 11, 506),
	(538, 'PACHO', 11, 513),
	(539, 'PAIME', 11, 518),
	(540, 'PANDI', 11, 524),
	(541, 'PARATEBUENO', 11, 530),
	(542, 'PASCA', 11, 535),
	(543, 'PUERTO SALGAR', 11, 572),
	(544, 'PULI', 11, 580),
	(545, 'QUEBRADANEGRA', 11, 592),
	(546, 'QUETAME', 11, 594),
	(547, 'QUIPILE', 11, 596),
	(548, 'APULO (RAFAEL REYES)', 11, 599),
	(549, 'RICAURTE', 11, 612),
	(550, 'SAN ANTONIO DEL TEQUENDAMA', 11, 645),
	(551, 'SAN BERNARDO', 11, 649),
	(552, 'SAN CAYETANO', 11, 653),
	(553, 'SAN FRANCISCO', 11, 658),
	(554, 'SAN JUAN DE RIOSECO', 11, 662),
	(555, 'SASAIMA', 11, 718),
	(556, 'SESQUILE', 11, 736),
	(557, 'SIBATE', 11, 740),
	(558, 'SILVANIA', 11, 743),
	(559, 'SIMIJACA', 11, 745),
	(560, 'SOACHA', 11, 754),
	(561, 'SOPO', 11, 758),
	(562, 'SUBACHOQUE', 11, 769),
	(563, 'SUESCA', 11, 772),
	(564, 'SUPATA', 11, 777),
	(565, 'SUSA', 11, 779),
	(566, 'SUTATAUSA', 11, 781),
	(567, 'TABIO', 11, 785),
	(568, 'TAUSA', 11, 793),
	(569, 'TENA', 11, 797),
	(570, 'TENJO', 11, 799),
	(571, 'TIBACUY', 11, 805),
	(572, 'TIBIRITA', 11, 807),
	(573, 'TOCAIMA', 11, 815),
	(574, 'TOCANCIPA', 11, 817),
	(575, 'TOPAIPI', 11, 823),
	(576, 'UBALA', 11, 839),
	(577, 'UBAQUE', 11, 841),
	(578, 'UBATE', 11, 843),
	(579, 'UNE', 11, 845),
	(580, 'UTICA', 11, 851),
	(581, 'VERGARA', 11, 862),
	(582, 'VIANI', 11, 867),
	(583, 'VILLAGOMEZ', 11, 871),
	(584, 'VILLAPINZON', 11, 873),
	(585, 'VILLETA', 11, 875),
	(586, 'VIOTA', 11, 878),
	(587, 'YACOPI', 11, 885),
	(588, 'ZIPACON', 11, 898),
	(589, 'ZIPAQUIRA', 11, 899),
	(590, 'QUIBDO (SAN FRANCISCO DE QUIBDO)', 12, 1),
	(591, 'ACANDI', 12, 6),
	(592, 'ALTO BAUDO (PIE DE PATO)', 12, 25),
	(593, 'ATRATO', 12, 50),
	(594, 'BAGADO', 12, 73),
	(595, 'BAHIA SOLANO (MUTIS)', 12, 75),
	(596, 'BAJO BAUDO (PIZARRO)', 12, 77),
	(597, 'BOJAYA (BELLAVISTA)', 12, 99),
	(598, 'CANTON DE SAN PABLO (MANAGRU)', 12, 135),
	(599, 'CONDOTO', 12, 205),
	(600, 'EL CARMEN DE ATRATO', 12, 245),
	(601, 'LITORAL DEL BAJO SAN JUAN (SANTA GENOVEVA DE DOCORDO)', 12, 250),
	(602, 'ISTMINA', 12, 361),
	(603, 'JURADO', 12, 372),
	(604, 'LLORO', 12, 413),
	(605, 'MEDIO ATRATO', 12, 425),
	(606, 'MEDIO BAUDO', 12, 430),
	(607, 'NOVITA', 12, 491),
	(608, 'NUQUI', 12, 495),
	(609, 'RIOQUITO', 12, 600),
	(610, 'RIOSUCIO', 12, 615),
	(611, 'SAN JOSE DEL PALMAR', 12, 660),
	(612, 'SIPI', 12, 745),
	(613, 'TADO', 12, 787),
	(614, 'UNGUIA', 12, 800),
	(615, 'UNION PANAMERICANA', 12, 810),
	(616, 'NEIVA', 13, 1),
	(617, 'ACEVEDO', 13, 6),
	(618, 'AGRADO', 13, 13),
	(619, 'AIPE', 13, 16),
	(620, 'ALGECIRAS', 13, 20),
	(621, 'ALTAMIRA', 13, 26),
	(622, 'BARAYA', 13, 78),
	(623, 'CAMPOALEGRE', 13, 132),
	(624, 'COLOMBIA', 13, 206),
	(625, 'ELIAS', 13, 244),
	(626, 'GARZON', 13, 298),
	(627, 'GIGANTE', 13, 306),
	(628, 'GUADALUPE', 13, 319),
	(629, 'HOBO', 13, 349),
	(630, 'IQUIRA', 13, 357),
	(631, 'ISNOS (SAN JOSE DE ISNOS)', 13, 359),
	(632, 'LA ARGENTINA', 13, 378),
	(633, 'LA PLATA', 13, 396),
	(634, 'NATAGA', 13, 483),
	(635, 'OPORAPA', 13, 503),
	(636, 'PAICOL', 13, 518),
	(637, 'PALERMO', 13, 524),
	(638, 'PALESTINA', 13, 530),
	(639, 'PITAL', 13, 548),
	(640, 'PITALITO', 13, 551),
	(641, 'RIVERA', 13, 615),
	(642, 'SALADOBLANCO', 13, 660),
	(643, 'SAN AGUSTIN', 13, 668),
	(644, 'SANTA MARIA', 13, 676),
	(645, 'SUAZA', 13, 770),
	(646, 'TARQUI', 13, 791),
	(647, 'TESALIA', 13, 797),
	(648, 'TELLO', 13, 799),
	(649, 'TERUEL', 13, 801),
	(650, 'TIMANA', 13, 807),
	(651, 'VILLAVIEJA', 13, 872),
	(652, 'YAGUARA', 13, 885),
	(653, 'RIOHACHA', 14, 1),
	(654, 'BARRANCAS', 14, 78),
	(655, 'DIBULLA', 14, 90),
	(656, 'DISTRACCION', 14, 98),
	(657, 'EL MOLINO', 14, 110),
	(658, 'FONSECA', 14, 279),
	(659, 'HATONUEVO', 14, 378),
	(660, 'LA JAGUA DEL PILAR', 14, 420),
	(661, 'MAICAO', 14, 430),
	(662, 'MANAURE', 14, 560),
	(663, 'SAN JUAN DEL CESAR', 14, 650),
	(664, 'URIBIA', 14, 847),
	(665, 'URUMITA', 14, 855),
	(666, 'VILLANUEVA', 14, 874),
	(667, 'SANTA MARTA (DISTRITO TURISTICO CULTURAL E HISTORICO DE SANTA MARTA)', 15, 1),
	(668, 'ALGARROBO', 15, 30),
	(669, 'ARACATACA', 15, 53),
	(670, 'ARIGUANI (EL DIFICIL)', 15, 58),
	(671, 'CERRO SAN ANTONIO', 15, 161),
	(672, 'CHIVOLO', 15, 170),
	(673, 'CIENAGA', 15, 189),
	(674, 'CONCORDIA', 15, 205),
	(675, 'EL BANCO', 15, 245),
	(676, 'EL PIÑON', 15, 258),
	(677, 'EL RETEN', 15, 268),
	(678, 'FUNDACION', 15, 288),
	(679, 'GUAMAL', 15, 318),
	(680, 'PEDRAZA', 15, 541),
	(681, 'PIJIÑO DEL CARMEN (PIJIÑO)', 15, 545),
	(682, 'PIVIJAY', 15, 551),
	(683, 'PLATO', 15, 555),
	(684, 'PUEBLOVIEJO', 15, 570),
	(685, 'REMOLINO', 15, 605),
	(686, 'SABANAS DE SAN ANGEL', 15, 660),
	(687, 'SALAMINA', 15, 675),
	(688, 'SAN SEBASTIAN DE BUENAVISTA', 15, 692),
	(689, 'SAN ZENON', 15, 703),
	(690, 'SANTA ANA', 15, 707),
	(691, 'SITIONUEVO', 15, 745),
	(692, 'TENERIFE', 15, 798),
	(693, 'VILLAVICENCIO', 16, 1),
	(694, 'ACACIAS', 16, 6),
	(695, 'BARRANCA DE UPIA', 16, 110),
	(696, 'CABUYARO', 16, 124),
	(697, 'CASTILLA LA NUEVA', 16, 150),
	(698, 'SAN LUIS DE CUBARRAL', 16, 223),
	(699, 'CUMARAL', 16, 226),
	(700, 'EL CALVARIO', 16, 245),
	(701, 'EL CASTILLO', 16, 251),
	(702, 'EL DORADO', 16, 270),
	(703, 'FUENTE DE ORO', 16, 287),
	(704, 'GRANADA', 16, 313),
	(705, 'GUAMAL', 16, 318),
	(706, 'MAPIRIPAN', 16, 325),
	(707, 'MESETAS', 16, 330),
	(708, 'LA MACARENA', 16, 350),
	(709, 'LA URIBE', 16, 370),
	(710, 'LEJANIAS', 16, 400),
	(711, 'PUERTO CONCORDIA', 16, 450),
	(712, 'PUERTO GAITAN', 16, 568),
	(713, 'PUERTO LOPEZ', 16, 573),
	(714, 'PUERTO LLERAS', 16, 577),
	(715, 'PUERTO RICO', 16, 590),
	(716, 'RESTREPO', 16, 606),
	(717, 'SAN CARLOS DE GUAROA', 16, 680),
	(718, 'SAN JUAN DE ARAMA', 16, 683),
	(719, 'SAN JUANITO', 16, 686),
	(720, 'SAN MARTIN', 16, 689),
	(721, 'VISTAHERMOSA', 16, 711),
	(722, 'PASTO (SAN JUAN DE PASTO)', 17, 1),
	(723, 'ALBAN (SAN JOSE)', 17, 19),
	(724, 'ALDANA', 17, 22),
	(725, 'ANCUYA', 17, 36),
	(726, 'ARBOLEDA (BERRUECOS)', 17, 51),
	(727, 'BARBACOAS', 17, 79),
	(728, 'BELEN', 17, 83),
	(729, 'BUESACO', 17, 110),
	(730, 'COLON (GENOVA)', 17, 203),
	(731, 'CONSACA', 17, 207),
	(732, 'CONTADERO', 17, 210),
	(733, 'CORDOBA', 17, 215),
	(734, 'CUASPUD (CARLOSAMA)', 17, 224),
	(735, 'CUMBAL', 17, 227),
	(736, 'CUMBITARA', 17, 233),
	(737, 'CHACHAGUI', 17, 240),
	(738, 'EL CHARCO', 17, 250),
	(739, 'EL PEÑOL', 17, 254),
	(740, 'EL ROSARIO', 17, 256),
	(741, 'EL TABLON', 17, 258),
	(742, 'EL TAMBO', 17, 260),
	(743, 'FUNES', 17, 287),
	(744, 'GUACHUCAL', 17, 317),
	(745, 'GUAITARILLA', 17, 320),
	(746, 'GUALMATAN', 17, 323),
	(747, 'ILES', 17, 352),
	(748, 'IMUES', 17, 354),
	(749, 'IPIALES', 17, 356),
	(750, 'LA CRUZ', 17, 378),
	(751, 'LA FLORIDA', 17, 381),
	(752, 'LA LLANADA', 17, 385),
	(753, 'LA TOLA', 17, 390),
	(754, 'LA UNION', 17, 399),
	(755, 'LEIVA', 17, 405),
	(756, 'LINARES', 17, 411),
	(757, 'LOS ANDES (SOTOMAYOR)', 17, 418),
	(758, 'MAGUI (PAYAN)', 17, 427),
	(759, 'MALLAMA (PIEDRANCHA)', 17, 435),
	(760, 'MOSQUERA', 17, 473),
	(761, 'OLAYA HERRERA (BOCAS DE SATINGA)', 17, 490),
	(762, 'OSPINA', 17, 506),
	(763, 'FRANCISCO PIZARRO (SALAHONDA)', 17, 520),
	(764, 'POLICARPA', 17, 540),
	(765, 'POTOSI', 17, 560),
	(766, 'PROVIDENCIA', 17, 565),
	(767, 'PUERRES', 17, 573),
	(768, 'PUPIALES', 17, 585),
	(769, 'RICAURTE', 17, 612),
	(770, 'ROBERTO PAYAN (SAN JOSE)', 17, 621),
	(771, 'SAMANIEGO', 17, 678),
	(772, 'SANDONA', 17, 683),
	(773, 'SAN BERNARDO', 17, 685),
	(774, 'SAN LORENZO', 17, 687),
	(775, 'SAN PABLO', 17, 693),
	(776, 'SAN PEDRO DE CARTAGO', 17, 694),
	(777, 'SANTA BARBARA (ISCUANDE)', 17, 696),
	(778, 'SANTA CRUZ (GUACHAVES)', 17, 699),
	(779, 'SAPUYES', 17, 720),
	(780, 'TAMINANGO', 17, 786),
	(781, 'TANGUA', 17, 788),
	(782, 'TUMACO', 17, 835),
	(783, 'TUQUERRES', 17, 838),
	(784, 'YACUANQUER', 17, 885),
	(785, 'CUCUTA', 18, 1),
	(786, 'ABREGO', 18, 3),
	(787, 'ARBOLEDAS', 18, 51),
	(788, 'BOCHALEMA', 18, 99),
	(789, 'BUCARASICA', 18, 109),
	(790, 'CACOTA', 18, 125),
	(791, 'CACHIRA', 18, 128),
	(792, 'CHINACOTA', 18, 172),
	(793, 'CHITAGA', 18, 174),
	(794, 'CONVENCION', 18, 206),
	(795, 'CUCUTILLA', 18, 223),
	(796, 'DURANIA', 18, 239),
	(797, 'EL CARMEN', 18, 245),
	(798, 'EL TARRA', 18, 250),
	(799, 'EL ZULIA', 18, 261),
	(800, 'GRAMALOTE', 18, 313),
	(801, 'HACARI', 18, 344),
	(802, 'HERRAN', 18, 347),
	(803, 'LABATECA', 18, 377),
	(804, 'LA ESPERANZA', 18, 385),
	(805, 'LA PLAYA', 18, 398),
	(806, 'LOS PATIOS', 18, 405),
	(807, 'LOURDES', 18, 418),
	(808, 'MUTISCUA', 18, 480),
	(809, 'OCAÑA', 18, 498),
	(810, 'PAMPLONA', 18, 518),
	(811, 'PAMPLONITA', 18, 520),
	(812, 'PUERTO SANTANDER', 18, 553),
	(813, 'RAGONVALIA', 18, 599),
	(814, 'SALAZAR', 18, 660),
	(815, 'SAN CALIXTO', 18, 670),
	(816, 'SAN CAYETANO', 18, 673),
	(817, 'SANTIAGO', 18, 680),
	(818, 'SARDINATA', 18, 720),
	(819, 'SILOS', 18, 743),
	(820, 'TEORAMA', 18, 800),
	(821, 'TIBU', 18, 810),
	(822, 'TOLEDO', 18, 820),
	(823, 'VILLACARO', 18, 871),
	(824, 'VILLA DEL ROSARIO', 18, 874),
	(825, 'ARMENIA', 19, 1),
	(826, 'BUENAVISTA', 19, 111),
	(827, 'CALARCA', 19, 130),
	(828, 'CIRCASIA', 19, 190),
	(829, 'CORDOBA', 19, 212),
	(830, 'FILANDIA', 19, 272),
	(831, 'GENOVA', 19, 302),
	(832, 'LA TEBAIDA', 19, 401),
	(833, 'MONTENEGRO', 19, 470),
	(834, 'PIJAO', 19, 548),
	(835, 'QUIMBAYA', 19, 594),
	(836, 'SALENTO', 19, 690),
	(837, 'PEREIRA', 20, 1),
	(838, 'APIA', 20, 45),
	(839, 'BALBOA', 20, 75),
	(840, 'BELEN DE UMBRIA', 20, 88),
	(841, 'DOS QUEBRADAS', 20, 170),
	(842, 'GUATICA', 20, 318),
	(843, 'LA CELIA', 20, 383),
	(844, 'LA VIRGINIA', 20, 400),
	(845, 'MARSELLA', 20, 440),
	(846, 'MISTRATO', 20, 456),
	(847, 'PUEBLO RICO', 20, 572),
	(848, 'QUINCHIA', 20, 594),
	(849, 'SANTA ROSA DE CABAL', 20, 682),
	(850, 'SANTUARIO', 20, 687),
	(851, 'BUCARAMANGA', 21, 1),
	(852, 'AGUADA', 21, 13),
	(853, 'ALBANIA', 21, 20),
	(854, 'ARATOCA', 21, 51),
	(855, 'BARBOSA', 21, 77),
	(856, 'BARICHARA', 21, 79),
	(857, 'BARRANCABERMEJA', 21, 81),
	(858, 'BETULIA', 21, 92),
	(859, 'BOLIVAR', 21, 101),
	(860, 'CABRERA', 21, 121),
	(861, 'CALIFORNIA', 21, 132),
	(862, 'CAPITANEJO', 21, 147),
	(863, 'CARCASI', 21, 152),
	(864, 'CEPITA', 21, 160),
	(865, 'CERRITO', 21, 162),
	(866, 'CHARALA', 21, 167),
	(867, 'CHARTA', 21, 169),
	(868, 'CHIMA', 21, 176),
	(869, 'CHIPATA', 21, 179),
	(870, 'CIMITARRA', 21, 190),
	(871, 'CONCEPCION', 21, 207),
	(872, 'CONFINES', 21, 209),
	(873, 'CONTRATACION', 21, 211),
	(874, 'COROMORO', 21, 217),
	(875, 'CURITI', 21, 229),
	(876, 'EL CARMEN DE CHUCURY', 21, 235),
	(877, 'EL GUACAMAYO', 21, 245),
	(878, 'EL PEÑON', 21, 250),
	(879, 'EL PLAYON', 21, 255),
	(880, 'ENCINO', 21, 264),
	(881, 'ENCISO', 21, 266),
	(882, 'FLORIAN', 21, 271),
	(883, 'FLORIDABLANCA', 21, 276),
	(884, 'GALAN', 21, 296),
	(885, 'GAMBITA', 21, 298),
	(886, 'GIRON', 21, 307),
	(887, 'GUACA', 21, 318),
	(888, 'GUADALUPE', 21, 320),
	(889, 'GUAPOTA', 21, 322),
	(890, 'GUAVATA', 21, 324),
	(891, 'GUEPSA', 21, 327),
	(892, 'HATO', 21, 344),
	(893, 'JESUS MARIA', 21, 368),
	(894, 'JORDAN', 21, 370),
	(895, 'LA BELLEZA', 21, 377),
	(896, 'LANDAZURI', 21, 385),
	(897, 'LA PAZ', 21, 397),
	(898, 'LEBRIJA', 21, 406),
	(899, 'LOS SANTOS', 21, 418),
	(900, 'MACARAVITA', 21, 425),
	(901, 'MALAGA', 21, 432),
	(902, 'MATANZA', 21, 444),
	(903, 'MOGOTES', 21, 464),
	(904, 'MOLAGAVITA', 21, 468),
	(905, 'OCAMONTE', 21, 498),
	(906, 'OIBA', 21, 500),
	(907, 'ONZAGA', 21, 502),
	(908, 'PALMAR', 21, 522),
	(909, 'PALMAS DEL SOCORRO', 21, 524),
	(910, 'PARAMO', 21, 533),
	(911, 'PIEDECUESTA', 21, 547),
	(912, 'PINCHOTE', 21, 549),
	(913, 'PUENTE NACIONAL', 21, 572),
	(914, 'PUERTO PARRA', 21, 573),
	(915, 'PUERTO WILCHES', 21, 575),
	(916, 'RIONEGRO', 21, 615),
	(917, 'SABANA DE TORRES', 21, 655),
	(918, 'SAN ANDRES', 21, 669),
	(919, 'SAN BENITO', 21, 673),
	(920, 'SAN GIL', 21, 679),
	(921, 'SAN JOAQUIN', 21, 682),
	(922, 'SAN JOSE DE MIRANDA', 21, 684),
	(923, 'SAN MIGUEL', 21, 686),
	(924, 'SAN VICENTE DE CHUCURI', 21, 689),
	(925, 'SANTA BARBARA', 21, 705),
	(926, 'SANTA HELENA DEL OPON', 21, 720),
	(927, 'SIMACOTA', 21, 745),
	(928, 'SOCORRO', 21, 755),
	(929, 'SUAITA', 21, 770),
	(930, 'SUCRE', 21, 773),
	(931, 'SURATA', 21, 780),
	(932, 'TONA', 21, 820),
	(933, 'VALLE SAN JOSE', 21, 855),
	(934, 'VELEZ', 21, 861),
	(935, 'VETAS', 21, 867),
	(936, 'VILLANUEVA', 21, 872),
	(937, 'ZAPATOCA', 21, 895),
	(938, 'SINCELEJO', 22, 1),
	(939, 'BUENAVISTA', 22, 110),
	(940, 'CAIMITO', 22, 124),
	(941, 'COLOSO (RICAURTE)', 22, 204),
	(942, 'COROZAL', 22, 215),
	(943, 'CHALAN', 22, 230),
	(944, 'GALERAS (NUEVA GRANADA)', 22, 235),
	(945, 'GUARANDA', 22, 265),
	(946, 'LA UNION', 22, 400),
	(947, 'LOS PALMITOS', 22, 418),
	(948, 'MAJAGUAL', 22, 429),
	(949, 'MORROA', 22, 473),
	(950, 'OVEJAS', 22, 508),
	(951, 'PALMITO', 22, 523),
	(952, 'SAMPUES', 22, 670),
	(953, 'SAN BENITO ABAD', 22, 678),
	(954, 'SAN JUAN DE BETULIA', 22, 702),
	(955, 'SAN MARCOS', 22, 708),
	(956, 'SAN ONOFRE', 22, 713),
	(957, 'SAN PEDRO', 22, 717),
	(958, 'SINCE', 22, 742),
	(959, 'SUCRE', 22, 771),
	(960, 'TOLU', 22, 820),
	(961, 'TOLUVIEJO', 22, 823),
	(962, 'IBAGUE', 23, 1),
	(963, 'ALPUJARRA', 23, 24),
	(964, 'ALVARADO', 23, 26),
	(965, 'AMBALEMA', 23, 30),
	(966, 'ANZOATEGUI', 23, 43),
	(967, 'ARMERO (GUAYABAL)', 23, 55),
	(968, 'ATACO', 23, 67),
	(969, 'CAJAMARCA', 23, 124),
	(970, 'CARMEN APICALA', 23, 148),
	(971, 'CASABIANCA', 23, 152),
	(972, 'CHAPARRAL', 23, 168),
	(973, 'COELLO', 23, 200),
	(974, 'COYAIMA', 23, 217),
	(975, 'CUNDAY', 23, 226),
	(976, 'DOLORES', 23, 236),
	(977, 'ESPINAL', 23, 268),
	(978, 'FALAN', 23, 270),
	(979, 'FLANDES', 23, 275),
	(980, 'FRESNO', 23, 283),
	(981, 'GUAMO', 23, 319),
	(982, 'HERVEO', 23, 347),
	(983, 'HONDA', 23, 349),
	(984, 'ICONONZO', 23, 352),
	(985, 'LERIDA', 23, 408),
	(986, 'LIBANO', 23, 411),
	(987, 'MARIQUITA', 23, 443),
	(988, 'MELGAR', 23, 449),
	(989, 'MURILLO', 23, 461),
	(990, 'NATAGAIMA', 23, 483),
	(991, 'ORTEGA', 23, 504),
	(992, 'PALOCABILDO', 23, 520),
	(993, 'PIEDRAS', 23, 547),
	(994, 'PLANADAS', 23, 555),
	(995, 'PRADO', 23, 563),
	(996, 'PURIFICACION', 23, 585),
	(997, 'RIOBLANCO', 23, 616),
	(998, 'RONCESVALLES', 23, 622),
	(999, 'ROVIRA', 23, 624),
	(1000, 'SALDAÑA', 23, 671),
	(1001, 'SAN ANTONIO', 23, 675),
	(1002, 'SAN LUIS', 23, 678),
	(1003, 'SANTA ISABEL', 23, 686),
	(1004, 'SUAREZ', 23, 770),
	(1005, 'VALLE DE SAN JUAN', 23, 854),
	(1006, 'VENADILLO', 23, 861),
	(1007, 'VILLAHERMOSA', 23, 870),
	(1008, 'VILLARRICA', 23, 873),
	(1009, 'CALI (SANTIAGO DE CALI)', 24, 1),
	(1010, 'ALCALA', 24, 20),
	(1011, 'ANDALUCIA', 24, 36),
	(1012, 'ANSERMANUEVO', 24, 41),
	(1013, 'ARGELIA', 24, 54),
	(1014, 'BOLIVAR', 24, 100),
	(1015, 'BUENAVENTURA', 24, 109),
	(1016, 'BUGA', 24, 111),
	(1017, 'BUGALAGRANDE', 24, 113),
	(1018, 'CAICEDONIA', 24, 122),
	(1019, 'CALIMA (DARIEN)', 24, 126),
	(1020, 'CANDELARIA', 24, 130),
	(1021, 'CARTAGO', 24, 147),
	(1022, 'DAGUA', 24, 233),
	(1023, 'EL AGUILA', 24, 243),
	(1024, 'EL CAIRO', 24, 246),
	(1025, 'EL CERRITO', 24, 248),
	(1026, 'EL DOVIO', 24, 250),
	(1027, 'FLORIDA', 24, 275),
	(1028, 'GINEBRA', 24, 306),
	(1029, 'GUACARI', 24, 318),
	(1030, 'JAMUNDI', 24, 364),
	(1031, 'LA CUMBRE', 24, 377),
	(1032, 'LA UNION', 24, 400),
	(1033, 'LA VICTORIA', 24, 403),
	(1034, 'OBANDO', 24, 497),
	(1035, 'PALMIRA', 24, 520),
	(1036, 'PRADERA', 24, 563),
	(1037, 'RESTREPO', 24, 606),
	(1038, 'RIOFRIO', 24, 616),
	(1039, 'ROLDANILLO', 24, 622),
	(1040, 'SAN PEDRO', 24, 670),
	(1041, 'SEVILLA', 24, 736),
	(1042, 'TORO', 24, 823),
	(1043, 'TRUJILLO', 24, 828),
	(1044, 'TULUA', 24, 834),
	(1045, 'ULLOA', 24, 845),
	(1046, 'VERSALLES', 24, 863),
	(1047, 'VIJES', 24, 869),
	(1048, 'YOTOCO', 24, 890),
	(1049, 'YUMBO', 24, 892),
	(1050, 'ZARZAL', 24, 895),
	(1051, 'ARAUCA', 25, 1),
	(1052, 'ARAUQUITA', 25, 65),
	(1053, 'CRAVO NORTE', 25, 220),
	(1054, 'FORTUL', 25, 300),
	(1055, 'PUERTO RONDON', 25, 591),
	(1056, 'SARAVENA', 25, 736),
	(1057, 'TAME', 25, 794),
	(1058, 'YOPAL', 26, 1),
	(1059, 'AGUAZUL', 26, 10),
	(1060, 'CHAMEZA', 26, 15),
	(1061, 'HATO COROZAL', 26, 125),
	(1062, 'LA SALINA', 26, 136),
	(1063, 'MANI', 26, 139),
	(1064, 'MONTERREY', 26, 162),
	(1065, 'NUNCHIA', 26, 225),
	(1066, 'OROCUE', 26, 230),
	(1067, 'PAZ DE ARIPORO', 26, 250),
	(1068, 'PORE', 26, 263),
	(1069, 'RECETOR', 26, 279),
	(1070, 'SABANALARGA', 26, 300),
	(1071, 'SACAMA', 26, 315),
	(1072, 'SAN LUIS DE PALENQUE', 26, 325),
	(1073, 'TAMARA', 26, 400),
	(1074, 'TAURAMENA', 26, 410),
	(1075, 'TRINIDAD', 26, 430),
	(1076, 'VILLANUEVA', 26, 440),
	(1077, 'MOCOA', 27, 1),
	(1078, 'COLON', 27, 219),
	(1079, 'ORITO', 27, 320),
	(1080, 'PUERTO ASIS', 27, 568),
	(1081, 'PUERTO CAICEDO', 27, 569),
	(1082, 'PUERTO GUZMAN', 27, 571),
	(1083, 'PUERTO LEGUIZAMO', 27, 573),
	(1084, 'SIBUNDOY', 27, 749),
	(1085, 'SAN FRANCISCO', 27, 755),
	(1086, 'SAN MIGUEL (LA DORADA)', 27, 757),
	(1087, 'SANTIAGO', 27, 760),
	(1088, 'LA HORMIGA (VALLE DEL GUAMUEZ)', 27, 865),
	(1089, 'VILLAGARZON', 27, 885),
	(1090, 'SAN ANDRES', 28, 1),
	(1091, 'PROVIDENCIA', 28, 564),
	(1092, 'LETICIA', 29, 1),
	(1093, 'EL ENCANTO', 29, 263),
	(1094, 'LA CHORRERA', 29, 405),
	(1095, 'LA PEDRERA', 29, 407),
	(1096, 'LA VICTORIA', 29, 430),
	(1097, 'MIRITI-PARANA', 29, 460),
	(1098, 'PUERTO ALEGRIA', 29, 530),
	(1099, 'PUERTO ARICA', 29, 536),
	(1100, 'PUERTO NARIÑO', 29, 540),
	(1101, 'PUERTO SANTANDER', 29, 669),
	(1102, 'TARAPACA', 29, 798),
	(1103, 'PUERTO INIRIDA', 30, 1),
	(1104, 'BARRANCO MINAS', 30, 343),
	(1105, 'SAN FELIPE', 30, 883),
	(1106, 'PUERTO COLOMBIA', 30, 884),
	(1107, 'LA GUADALUPE', 30, 885),
	(1108, 'CACAHUAL', 30, 886),
	(1109, 'PANA PANA (CAMPO ALEGRE)', 30, 887),
	(1110, 'MORICHAL (MORICHAL NUEVO)', 30, 888),
	(1111, 'SAN JOSE DEL GUAVIARE', 31, 1),
	(1112, 'CALAMAR', 31, 15),
	(1113, 'EL RETORNO', 31, 25),
	(1114, 'MIRAFLORES', 31, 200),
	(1115, 'MITU', 32, 1),
	(1116, 'CARURU', 32, 161),
	(1117, 'PACOA', 32, 511),
	(1118, 'TARAIRA', 32, 666),
	(1119, 'PAPUNAUA (MORICHAL)', 32, 777),
	(1120, 'YAVARATE', 32, 889),
	(1121, 'PUERTO CARREÑO', 33, 1),
	(1122, 'LA PRIMAVERA', 33, 524),
	(1123, 'SANTA RITA', 33, 572),
	(1124, 'SANTA ROSALIA', 33, 666),
	(1125, 'SAN JOSE DE OCUNE', 33, 760),
	(1126, 'CUMARIBO', 33, 773);
/*!40000 ALTER TABLE `municipios` ENABLE KEYS */;

-- Volcando estructura para tabla appfactory.permisos
CREATE TABLE IF NOT EXISTS `permisos` (
  `id_permisos` int(10) NOT NULL AUTO_INCREMENT,
  `tipo_permiso` varchar(50) NOT NULL,
  PRIMARY KEY (`id_permisos`)
) ENGINE=InnoDB AUTO_INCREMENT=6 DEFAULT CHARSET=utf8mb4;

-- Volcando datos para la tabla appfactory.permisos: ~5 rows (aproximadamente)
/*!40000 ALTER TABLE `permisos` DISABLE KEYS */;
INSERT INTO `permisos` (`id_permisos`, `tipo_permiso`) VALUES
	(1, 'Crear'),
	(2, 'Modificar'),
	(3, 'Eliminar'),
	(4, 'Acceder'),
	(5, 'Restaurar');
/*!40000 ALTER TABLE `permisos` ENABLE KEYS */;

-- Volcando estructura para tabla appfactory.productos
CREATE TABLE IF NOT EXISTS `productos` (
  `id_producto` int(10) NOT NULL AUTO_INCREMENT,
  `codigo_producto` varchar(30) NOT NULL,
  `nombre_producto` varchar(100) NOT NULL,
  `estado` tinyint(1) NOT NULL,
  PRIMARY KEY (`id_producto`)
) ENGINE=InnoDB AUTO_INCREMENT=13 DEFAULT CHARSET=utf8mb4;

-- Volcando datos para la tabla appfactory.productos: ~12 rows (aproximadamente)
/*!40000 ALTER TABLE `productos` DISABLE KEYS */;
INSERT INTO `productos` (`id_producto`, `codigo_producto`, `nombre_producto`, `estado`) VALUES
	(1, 'BN1LB', 'Bolsa Natural 1 lb. (6x9)  x100', 1),
	(2, 'BN6X12', 'Bolsa Natural (6x12)  x100', 1),
	(3, 'BN7X10', 'Bolsa Natural 2 lb. (7x10)  x100', 1),
	(4, 'BM30KB', 'Bolsa de manigueta 30 klo blanca', 1),
	(5, 'BM3KB', 'Bolsa de manigueta 3 klos tv blan', 1),
	(6, 'BM15K', 'Bolsa de manigueta 15 klos', 1),
	(7, 'BM5K', 'Bolsa de manigueta 5 klos', 1),
	(8, 'BM10K', 'Bolsa de manigueta 10 klos', 1),
	(9, 'NNX50', 'Aseo NN x50', 1),
	(10, 'AJX100', 'Aseo Jumbo x100', 1),
	(11, 'BTNA', 'Bolsa tina', 1),
	(12, 'GQ', 'Guantes quirurgicos', 1);
/*!40000 ALTER TABLE `productos` ENABLE KEYS */;

-- Volcando estructura para tabla appfactory.proveedores
CREATE TABLE IF NOT EXISTS `proveedores` (
  `id_proveedor` int(10) NOT NULL AUTO_INCREMENT,
  `codigo_proveedor` varchar(30) NOT NULL,
  `id_tipo_identificacion` int(10) NOT NULL,
  `identificacion` varchar(20) NOT NULL,
  `id_tipo_proveedor` int(10) NOT NULL,
  `razon_social` varchar(50) NOT NULL,
  `nombre` varchar(30) NOT NULL,
  `telefonos` varchar(255) NOT NULL,
  `direccion` varchar(255) NOT NULL,
  `id_municipios` bigint(20) NOT NULL,
  `estado` tinyint(4) NOT NULL,
  PRIMARY KEY (`id_proveedor`),
  KEY `FK_proveedores_tipo_identificacion` (`id_tipo_identificacion`),
  KEY `FK_proveedores_tipo_proveedor` (`id_tipo_proveedor`),
  KEY `FK_proveedores_municipios` (`id_municipios`),
  CONSTRAINT `FK_proveedores_municipios` FOREIGN KEY (`id_municipios`) REFERENCES `municipios` (`id_municipios`),
  CONSTRAINT `FK_proveedores_tipo_identificacion` FOREIGN KEY (`id_tipo_identificacion`) REFERENCES `tipo_identificacion` (`id_tipo_identificacion`),
  CONSTRAINT `FK_proveedores_tipo_proveedor` FOREIGN KEY (`id_tipo_proveedor`) REFERENCES `tipo_proveedor` (`id_tipo_proveedor`)
) ENGINE=InnoDB AUTO_INCREMENT=2 DEFAULT CHARSET=utf8mb4;

-- Volcando datos para la tabla appfactory.proveedores: ~1 rows (aproximadamente)
/*!40000 ALTER TABLE `proveedores` DISABLE KEYS */;
INSERT INTO `proveedores` (`id_proveedor`, `codigo_proveedor`, `id_tipo_identificacion`, `identificacion`, `id_tipo_proveedor`, `razon_social`, `nombre`, `telefonos`, `direccion`, `id_municipios`, `estado`) VALUES
	(1, '56982', 2, '10485698', 1, '7 plast', 'Pedro', '312568225', 'Kr 12A #68 - 24', 126, 1);
/*!40000 ALTER TABLE `proveedores` ENABLE KEYS */;

-- Volcando estructura para tabla appfactory.settings
CREATE TABLE IF NOT EXISTS `settings` (
  `id_settings` int(10) NOT NULL AUTO_INCREMENT,
  `id_user` int(10) NOT NULL,
  `menu_locked` tinyint(4) NOT NULL,
  PRIMARY KEY (`id_settings`)
) ENGINE=InnoDB AUTO_INCREMENT=2 DEFAULT CHARSET=utf8mb4;

-- Volcando datos para la tabla appfactory.settings: ~1 rows (aproximadamente)
/*!40000 ALTER TABLE `settings` DISABLE KEYS */;
INSERT INTO `settings` (`id_settings`, `id_user`, `menu_locked`) VALUES
	(1, 1, 1);
/*!40000 ALTER TABLE `settings` ENABLE KEYS */;

-- Volcando estructura para tabla appfactory.sub_menu
CREATE TABLE IF NOT EXISTS `sub_menu` (
  `id_sub_menu` int(10) NOT NULL AUTO_INCREMENT,
  `nombre` varchar(40) NOT NULL,
  `id_menu` int(10) NOT NULL,
  `url` varchar(255) NOT NULL,
  `icon` varchar(50) DEFAULT NULL,
  PRIMARY KEY (`id_sub_menu`),
  KEY `id_menu` (`id_menu`)
) ENGINE=InnoDB DEFAULT CHARSET=utf8mb4;

-- Volcando datos para la tabla appfactory.sub_menu: ~0 rows (aproximadamente)
/*!40000 ALTER TABLE `sub_menu` DISABLE KEYS */;
/*!40000 ALTER TABLE `sub_menu` ENABLE KEYS */;

-- Volcando estructura para tabla appfactory.temp_factura
CREATE TABLE IF NOT EXISTS `temp_factura` (
  `id_temp_factura` int(10) NOT NULL AUTO_INCREMENT,
  `id_cliente` int(10) DEFAULT NULL,
  `fecha` datetime DEFAULT NULL,
  PRIMARY KEY (`id_temp_factura`),
  KEY `id_cliente` (`id_cliente`),
  CONSTRAINT `FK_temp_factura_clientes` FOREIGN KEY (`id_cliente`) REFERENCES `clientes` (`id_cliente`)
) ENGINE=InnoDB AUTO_INCREMENT=2 DEFAULT CHARSET=utf8mb4;

-- Volcando datos para la tabla appfactory.temp_factura: ~1 rows (aproximadamente)
/*!40000 ALTER TABLE `temp_factura` DISABLE KEYS */;
INSERT INTO `temp_factura` (`id_temp_factura`, `id_cliente`, `fecha`) VALUES
	(1, 1, '2020-12-09 12:20:44');
/*!40000 ALTER TABLE `temp_factura` ENABLE KEYS */;

-- Volcando estructura para tabla appfactory.temp_factura_productos
CREATE TABLE IF NOT EXISTS `temp_factura_productos` (
  `id_temp_factura_productos` int(10) NOT NULL AUTO_INCREMENT,
  `id_temp_factura` int(10) DEFAULT NULL,
  `id_producto` int(10) DEFAULT NULL,
  `cantidad` int(10) DEFAULT NULL,
  `precio` int(10) DEFAULT NULL,
  PRIMARY KEY (`id_temp_factura_productos`),
  KEY `id_producto` (`id_producto`),
  KEY `id_temp_factura` (`id_temp_factura`),
  CONSTRAINT `FK_temp_factura_productos_productos` FOREIGN KEY (`id_producto`) REFERENCES `productos` (`id_producto`),
  CONSTRAINT `FK_temp_factura_productos_temp_factura` FOREIGN KEY (`id_temp_factura`) REFERENCES `temp_factura` (`id_temp_factura`)
) ENGINE=InnoDB DEFAULT CHARSET=utf8mb4;

-- Volcando datos para la tabla appfactory.temp_factura_productos: ~0 rows (aproximadamente)
/*!40000 ALTER TABLE `temp_factura_productos` DISABLE KEYS */;
/*!40000 ALTER TABLE `temp_factura_productos` ENABLE KEYS */;

-- Volcando estructura para tabla appfactory.tipo_identificacion
CREATE TABLE IF NOT EXISTS `tipo_identificacion` (
  `id_tipo_identificacion` int(10) NOT NULL AUTO_INCREMENT,
  `avreviatura` varchar(20) DEFAULT NULL,
  `nombre` varchar(50) DEFAULT NULL,
  PRIMARY KEY (`id_tipo_identificacion`)
) ENGINE=InnoDB AUTO_INCREMENT=3 DEFAULT CHARSET=utf8mb4;

-- Volcando datos para la tabla appfactory.tipo_identificacion: ~2 rows (aproximadamente)
/*!40000 ALTER TABLE `tipo_identificacion` DISABLE KEYS */;
INSERT INTO `tipo_identificacion` (`id_tipo_identificacion`, `avreviatura`, `nombre`) VALUES
	(1, 'NIT', 'Número de Identificación Tributaria'),
	(2, 'CC', 'Cédula de Ciudadanía');
/*!40000 ALTER TABLE `tipo_identificacion` ENABLE KEYS */;

-- Volcando estructura para tabla appfactory.tipo_proveedor
CREATE TABLE IF NOT EXISTS `tipo_proveedor` (
  `id_tipo_proveedor` int(10) NOT NULL AUTO_INCREMENT,
  `detalles` varchar(50) DEFAULT NULL,
  PRIMARY KEY (`id_tipo_proveedor`)
) ENGINE=InnoDB AUTO_INCREMENT=3 DEFAULT CHARSET=utf8mb4;

-- Volcando datos para la tabla appfactory.tipo_proveedor: ~2 rows (aproximadamente)
/*!40000 ALTER TABLE `tipo_proveedor` DISABLE KEYS */;
INSERT INTO `tipo_proveedor` (`id_tipo_proveedor`, `detalles`) VALUES
	(1, 'Empresa'),
	(2, 'Persona Natural');
/*!40000 ALTER TABLE `tipo_proveedor` ENABLE KEYS */;

-- Volcando estructura para tabla appfactory.type_user
CREATE TABLE IF NOT EXISTS `type_user` (
  `id_type_user` int(10) NOT NULL AUTO_INCREMENT,
  `description` varchar(50) DEFAULT NULL,
  PRIMARY KEY (`id_type_user`)
) ENGINE=InnoDB AUTO_INCREMENT=4 DEFAULT CHARSET=utf8mb4;

-- Volcando datos para la tabla appfactory.type_user: ~3 rows (aproximadamente)
/*!40000 ALTER TABLE `type_user` DISABLE KEYS */;
INSERT INTO `type_user` (`id_type_user`, `description`) VALUES
	(1, 'Administrador'),
	(2, 'Super usuario'),
	(3, 'Secretaria');
/*!40000 ALTER TABLE `type_user` ENABLE KEYS */;

-- Volcando estructura para tabla appfactory.type_user_permisos
CREATE TABLE IF NOT EXISTS `type_user_permisos` (
  `id_type_user_permiso` int(10) NOT NULL AUTO_INCREMENT,
  `id_type_user` int(10) DEFAULT NULL,
  `id_permiso` int(10) DEFAULT NULL,
  PRIMARY KEY (`id_type_user_permiso`),
  KEY `FK_type_user_permisos_type_user` (`id_type_user`),
  KEY `FK_type_user_permisos_permisos` (`id_permiso`),
  CONSTRAINT `FK_type_user_permisos_permisos` FOREIGN KEY (`id_permiso`) REFERENCES `permisos` (`id_permisos`),
  CONSTRAINT `FK_type_user_permisos_type_user` FOREIGN KEY (`id_type_user`) REFERENCES `type_user` (`id_type_user`)
) ENGINE=InnoDB AUTO_INCREMENT=5 DEFAULT CHARSET=utf8mb4;

-- Volcando datos para la tabla appfactory.type_user_permisos: ~4 rows (aproximadamente)
/*!40000 ALTER TABLE `type_user_permisos` DISABLE KEYS */;
INSERT INTO `type_user_permisos` (`id_type_user_permiso`, `id_type_user`, `id_permiso`) VALUES
	(1, 3, 4),
	(2, 3, 1),
	(3, 3, 2),
	(4, 3, 3);
/*!40000 ALTER TABLE `type_user_permisos` ENABLE KEYS */;

-- Volcando estructura para tabla appfactory.type_user_permiso_menu
CREATE TABLE IF NOT EXISTS `type_user_permiso_menu` (
  `id_type_user_permiso_menu` int(10) NOT NULL AUTO_INCREMENT,
  `id_type_user_permiso` int(10) DEFAULT NULL,
  `id_menu` int(10) DEFAULT NULL,
  PRIMARY KEY (`id_type_user_permiso_menu`),
  KEY `FK_type_user_permiso_menu_type_user_permisos` (`id_type_user_permiso`),
  KEY `FK_type_user_permiso_menu_menu` (`id_menu`),
  CONSTRAINT `FK_type_user_permiso_menu_menu` FOREIGN KEY (`id_menu`) REFERENCES `menu` (`id_menu`),
  CONSTRAINT `FK_type_user_permiso_menu_type_user_permisos` FOREIGN KEY (`id_type_user_permiso`) REFERENCES `type_user_permisos` (`id_type_user_permiso`)
) ENGINE=InnoDB AUTO_INCREMENT=2 DEFAULT CHARSET=utf8mb4;

-- Volcando datos para la tabla appfactory.type_user_permiso_menu: ~1 rows (aproximadamente)
/*!40000 ALTER TABLE `type_user_permiso_menu` DISABLE KEYS */;
INSERT INTO `type_user_permiso_menu` (`id_type_user_permiso_menu`, `id_type_user_permiso`, `id_menu`) VALUES
	(1, 1, 1);
/*!40000 ALTER TABLE `type_user_permiso_menu` ENABLE KEYS */;

-- Volcando estructura para tabla appfactory.user
CREATE TABLE IF NOT EXISTS `user` (
  `id_user` int(10) NOT NULL AUTO_INCREMENT,
  `nombre` varchar(50) NOT NULL,
  `apellido` varchar(50) NOT NULL,
  `usuario` varchar(10) NOT NULL,
  `correo` varchar(250) NOT NULL,
  `pass` varchar(30) NOT NULL,
  `img` varchar(50) DEFAULT NULL,
  `id_type_user` int(10) DEFAULT NULL,
  `fecha_registro` datetime NOT NULL,
  PRIMARY KEY (`id_user`),
  KEY `id_type_user` (`id_type_user`),
  CONSTRAINT `FK_user_type_user` FOREIGN KEY (`id_type_user`) REFERENCES `type_user` (`id_type_user`)
) ENGINE=InnoDB AUTO_INCREMENT=2 DEFAULT CHARSET=utf8mb4;

-- Volcando datos para la tabla appfactory.user: ~1 rows (aproximadamente)
/*!40000 ALTER TABLE `user` DISABLE KEYS */;
INSERT INTO `user` (`id_user`, `nombre`, `apellido`, `usuario`, `correo`, `pass`, `img`, `id_type_user`, `fecha_registro`) VALUES
	(1, 'Juan Felipe', 'Peña Calderón', 'root', 'jpena3610@gmail.com', '1043660915', 'logo.jpg', 2, '2020-09-06 02:11:31');
/*!40000 ALTER TABLE `user` ENABLE KEYS */;

-- Volcando estructura para tabla appfactory.vendedor
CREATE TABLE IF NOT EXISTS `vendedor` (
  `id_vendedor` int(10) NOT NULL AUTO_INCREMENT,
  `codigo_vendedor` varchar(30) NOT NULL,
  `nombre` varchar(50) NOT NULL,
  `apellido` varchar(50) NOT NULL,
  `cedula` int(30) NOT NULL,
  `telefono` varchar(255) NOT NULL,
  `fecha_ingreso` datetime NOT NULL,
  PRIMARY KEY (`id_vendedor`)
) ENGINE=InnoDB AUTO_INCREMENT=3 DEFAULT CHARSET=utf8mb4;

-- Volcando datos para la tabla appfactory.vendedor: ~2 rows (aproximadamente)
/*!40000 ALTER TABLE `vendedor` DISABLE KEYS */;
INSERT INTO `vendedor` (`id_vendedor`, `codigo_vendedor`, `nombre`, `apellido`, `cedula`, `telefono`, `fecha_ingreso`) VALUES
	(1, '001', 'Juan Felipe', 'Peña Calderón', 1043660915, '(+573008554550)', '2020-09-08 14:54:15'),
	(2, '002', 'Gabriela', 'Peña Calderón', 5555555, '(+5700000)', '2020-10-06 16:52:47');
/*!40000 ALTER TABLE `vendedor` ENABLE KEYS */;


-- Volcando estructura de base de datos para fic
CREATE DATABASE IF NOT EXISTS `fic` /*!40100 DEFAULT CHARACTER SET utf8mb4 */;
USE `fic`;

-- Volcando estructura para tabla fic.clientes
CREATE TABLE IF NOT EXISTS `clientes` (
  `id_cliente` int(10) NOT NULL AUTO_INCREMENT,
  `codigo_cliente` varchar(30) NOT NULL,
  `nombre` varchar(50) NOT NULL,
  `negocio` varchar(50) NOT NULL,
  `direccion` varchar(255) NOT NULL,
  `telefono` varchar(255) NOT NULL,
  `barrio` varchar(50) NOT NULL,
  `nit` int(11) DEFAULT NULL,
  `id_vendedor` int(10) NOT NULL,
  `estado` tinyint(4) DEFAULT NULL,
  PRIMARY KEY (`id_cliente`) USING BTREE,
  KEY `id_vendedor` (`id_vendedor`),
  CONSTRAINT `clientes_ibfk_1` FOREIGN KEY (`id_vendedor`) REFERENCES `vendedor` (`id_vendedor`)
) ENGINE=InnoDB AUTO_INCREMENT=3 DEFAULT CHARSET=utf8mb4;

-- Volcando datos para la tabla fic.clientes: ~2 rows (aproximadamente)
/*!40000 ALTER TABLE `clientes` DISABLE KEYS */;
INSERT INTO `clientes` (`id_cliente`, `codigo_cliente`, `nombre`, `negocio`, `direccion`, `telefono`, `barrio`, `nit`, `id_vendedor`, `estado`) VALUES
	(1, '53625', 'Carlos Ortiz', 'Panadería el roble', 'Calle 13 # 1D - 07', '+573002295877', 'El Carme De Malambo', NULL, 1, 1),
	(2, '15687', 'Jeison', 'Abastos Las Banderitas', 'Carrera 1E # 47B-03', '3621303 - 3116716298', 'Ciudadela 20 de Julio', NULL, 2, 1);
/*!40000 ALTER TABLE `clientes` ENABLE KEYS */;

-- Volcando estructura para tabla fic.departamentos
CREATE TABLE IF NOT EXISTS `departamentos` (
  `id` bigint(20) NOT NULL AUTO_INCREMENT,
  `nombre` varchar(255) NOT NULL,
  `codigo` int(20) NOT NULL,
  PRIMARY KEY (`id`)
) ENGINE=InnoDB AUTO_INCREMENT=34 DEFAULT CHARSET=utf8;

-- Volcando datos para la tabla fic.departamentos: ~33 rows (aproximadamente)
/*!40000 ALTER TABLE `departamentos` DISABLE KEYS */;
INSERT INTO `departamentos` (`id`, `nombre`, `codigo`) VALUES
	(1, 'Antioquia', 5),
	(2, 'Atlantico', 8),
	(3, 'D. C. Santa Fe de Bogotá', 11),
	(4, 'Bolivar', 13),
	(5, 'Boyaca', 15),
	(6, 'Caldas', 17),
	(7, 'Caqueta', 18),
	(8, 'Cauca', 19),
	(9, 'Cesar', 20),
	(10, 'Cordova', 23),
	(11, 'Cundinamarca', 25),
	(12, 'Choco', 27),
	(13, 'Huila', 41),
	(14, 'La Guajira', 44),
	(15, 'Magdalena', 47),
	(16, 'Meta', 50),
	(17, 'Nariño', 52),
	(18, 'Norte de Santander', 54),
	(19, 'Quindio', 63),
	(20, 'Risaralda', 66),
	(21, 'Santander', 68),
	(22, 'Sucre', 70),
	(23, 'Tolima', 73),
	(24, 'Valle', 76),
	(25, 'Arauca', 81),
	(26, 'Casanare', 85),
	(27, 'Putumayo', 86),
	(28, 'San Andres', 88),
	(29, 'Amazonas', 91),
	(30, 'Guainia', 94),
	(31, 'Guaviare', 95),
	(32, 'Vaupes', 97),
	(33, 'Vichada', 99);
/*!40000 ALTER TABLE `departamentos` ENABLE KEYS */;

-- Volcando estructura para tabla fic.facturas
CREATE TABLE IF NOT EXISTS `facturas` (
  `id_factura` int(10) NOT NULL AUTO_INCREMENT,
  `id_cliente` int(10) NOT NULL,
  `fecha` datetime DEFAULT NULL,
  `estado` tinyint(1) DEFAULT NULL,
  PRIMARY KEY (`id_factura`),
  KEY `id_cliente` (`id_cliente`),
  CONSTRAINT `FK_facturas_clientes` FOREIGN KEY (`id_cliente`) REFERENCES `clientes` (`id_cliente`)
) ENGINE=InnoDB AUTO_INCREMENT=10 DEFAULT CHARSET=utf8mb4;

-- Volcando datos para la tabla fic.facturas: ~9 rows (aproximadamente)
/*!40000 ALTER TABLE `facturas` DISABLE KEYS */;
INSERT INTO `facturas` (`id_factura`, `id_cliente`, `fecha`, `estado`) VALUES
	(1, 1, '2020-10-09 23:20:29', 0),
	(2, 1, '2020-10-09 23:27:51', 1),
	(3, 2, '2020-10-10 18:01:48', 0),
	(4, 1, '2020-10-12 15:00:20', 1),
	(5, 2, '2020-10-17 01:30:36', 0),
	(6, 1, '2020-10-17 01:31:14', 0),
	(7, 2, '2020-10-19 18:59:26', 1),
	(8, 1, '2020-10-21 18:48:56', 1),
	(9, 1, '2020-11-11 16:00:42', 0);
/*!40000 ALTER TABLE `facturas` ENABLE KEYS */;

-- Volcando estructura para tabla fic.factura_productos
CREATE TABLE IF NOT EXISTS `factura_productos` (
  `id_factura_productos` int(10) NOT NULL AUTO_INCREMENT,
  `id_factura` int(10) NOT NULL,
  `id_producto` int(10) NOT NULL,
  `cantidad` int(10) NOT NULL,
  `precio` int(10) NOT NULL,
  PRIMARY KEY (`id_factura_productos`),
  KEY `id_factura` (`id_factura`),
  KEY `id_producto` (`id_producto`),
  CONSTRAINT `FK_factura_productos_facturas` FOREIGN KEY (`id_factura`) REFERENCES `facturas` (`id_factura`),
  CONSTRAINT `FK_factura_productos_productos` FOREIGN KEY (`id_producto`) REFERENCES `productos` (`id_producto`)
) ENGINE=InnoDB AUTO_INCREMENT=49 DEFAULT CHARSET=utf8mb4;

-- Volcando datos para la tabla fic.factura_productos: ~34 rows (aproximadamente)
/*!40000 ALTER TABLE `factura_productos` DISABLE KEYS */;
INSERT INTO `factura_productos` (`id_factura_productos`, `id_factura`, `id_producto`, `cantidad`, `precio`) VALUES
	(15, 1, 1, 10, 650),
	(16, 2, 1, 10, 650),
	(17, 2, 2, 15, 800),
	(18, 2, 5, 12, 14500),
	(19, 3, 1, 15, 650),
	(20, 3, 3, 25, 850),
	(21, 3, 5, 2, 14500),
	(22, 3, 7, 4, 25500),
	(23, 3, 2, 6, 800),
	(24, 3, 4, 5, 115000),
	(25, 3, 6, 1, 36500),
	(26, 3, 8, 5, 29500),
	(27, 3, 9, 5, 17400),
	(28, 3, 10, 4, 12000),
	(29, 3, 11, 6, 6200),
	(30, 3, 12, 1, 25000),
	(31, 4, 1, 15, 650),
	(32, 5, 1, 50, 650),
	(33, 5, 2, 50, 800),
	(34, 5, 3, 50, 850),
	(35, 6, 1, 50, 650),
	(36, 6, 2, 50, 800),
	(37, 6, 3, 50, 850),
	(38, 7, 1, 5, 650),
	(39, 8, 1, 5, 650),
	(40, 8, 2, 5, 800),
	(41, 8, 3, 5, 850),
	(42, 8, 4, 5, 115000),
	(43, 8, 5, 5, 14500),
	(44, 8, 6, 5, 36500),
	(45, 8, 7, 5, 25500),
	(46, 8, 8, 5, 29500),
	(47, 8, 9, 5, 17400),
	(48, 8, 10, 5, 12000);
/*!40000 ALTER TABLE `factura_productos` ENABLE KEYS */;

-- Volcando estructura para tabla fic.iconos
CREATE TABLE IF NOT EXISTS `iconos` (
  `id_icon` int(11) NOT NULL AUTO_INCREMENT,
  `class` varchar(50) NOT NULL,
  `font` varchar(50) DEFAULT NULL,
  PRIMARY KEY (`id_icon`)
) ENGINE=InnoDB AUTO_INCREMENT=864 DEFAULT CHARSET=utf8mb4;

-- Volcando datos para la tabla fic.iconos: ~863 rows (aproximadamente)
/*!40000 ALTER TABLE `iconos` DISABLE KEYS */;
INSERT INTO `iconos` (`id_icon`, `class`, `font`) VALUES
	(1, 'fa fa-glass', 'font-awesome'),
	(2, 'fa fa-music', 'font-awesome'),
	(3, 'fa fa-search', 'font-awesome'),
	(4, 'fa fa-envelope-o', 'font-awesome'),
	(5, 'fa fa-heart', 'font-awesome'),
	(6, 'fa fa-star', 'font-awesome'),
	(7, 'fa fa-star-o', 'font-awesome'),
	(8, 'fa fa-user', 'font-awesome'),
	(9, 'fa fa-film', 'font-awesome'),
	(10, 'fa fa-th-large', 'font-awesome'),
	(11, 'fa fa-th', 'font-awesome'),
	(12, 'fa fa-th-list', 'font-awesome'),
	(13, 'fa fa-check', 'font-awesome'),
	(14, 'fa fa-times', 'font-awesome'),
	(15, 'fa fa-search-plus', 'font-awesome'),
	(16, 'fa fa-search-minus', 'font-awesome'),
	(17, 'fa fa-power-off', 'font-awesome'),
	(18, 'fa fa-signal', 'font-awesome'),
	(19, 'fa fa-gear', 'font-awesome'),
	(20, 'fa fa-cog', 'font-awesome'),
	(21, 'fa fa-trash-o', 'font-awesome'),
	(22, 'fa fa-home', 'font-awesome'),
	(23, 'fa fa-file-o', 'font-awesome'),
	(24, 'fa fa-clock-o', 'font-awesome'),
	(25, 'fa fa-road', 'font-awesome'),
	(26, 'fa fa-download', 'font-awesome'),
	(27, 'fa fa-arrow-circle-o-down', 'font-awesome'),
	(28, 'fa fa-arrow-circle-o-up', 'font-awesome'),
	(29, 'fa fa-inbox', 'font-awesome'),
	(30, 'fa fa-play-circle-o', 'font-awesome'),
	(31, 'fa fa-rotate-right', 'font-awesome'),
	(32, 'fa fa-repeat', 'font-awesome'),
	(33, 'fa fa-refresh', 'font-awesome'),
	(34, 'fa fa-list-alt', 'font-awesome'),
	(35, 'fa fa-lock', 'font-awesome'),
	(36, 'fa fa-flag', 'font-awesome'),
	(37, 'fa fa-headphones', 'font-awesome'),
	(38, 'fa fa-volume-off', 'font-awesome'),
	(39, 'fa fa-volume-down', 'font-awesome'),
	(40, 'fa fa-volume-up', 'font-awesome'),
	(41, 'fa fa-qrcode', 'font-awesome'),
	(42, 'fa fa-barcode', 'font-awesome'),
	(43, 'fa fa-tag', 'font-awesome'),
	(44, 'fa fa-tags', 'font-awesome'),
	(45, 'fa fa-book', 'font-awesome'),
	(46, 'fa fa-bookmark', 'font-awesome'),
	(47, 'fa fa-print', 'font-awesome'),
	(48, 'fa fa-camera', 'font-awesome'),
	(49, 'fa fa-font', 'font-awesome'),
	(50, 'fa fa-bold', 'font-awesome'),
	(51, 'fa fa-italic', 'font-awesome'),
	(52, 'fa fa-text-height', 'font-awesome'),
	(53, 'fa fa-text-width', 'font-awesome'),
	(54, 'fa fa-align-left', 'font-awesome'),
	(55, 'fa fa-align-center', 'font-awesome'),
	(56, 'fa fa-align-right', 'font-awesome'),
	(57, 'fa fa-align-justify', 'font-awesome'),
	(58, 'fa fa-list', 'font-awesome'),
	(59, 'fa fa-dedent', 'font-awesome'),
	(60, 'fa fa-outdent', 'font-awesome'),
	(61, 'fa fa-indent', 'font-awesome'),
	(62, 'fa fa-video-camera', 'font-awesome'),
	(63, 'fa fa-photo', 'font-awesome'),
	(64, 'fa fa-image', 'font-awesome'),
	(65, 'fa fa-picture-o', 'font-awesome'),
	(66, 'fa fa-pencil', 'font-awesome'),
	(67, 'fa fa-map-marker', 'font-awesome'),
	(68, 'fa fa-adjust', 'font-awesome'),
	(69, 'fa fa-tint', 'font-awesome'),
	(70, 'fa fa-edit', 'font-awesome'),
	(71, 'fa fa-pencil-square-o', 'font-awesome'),
	(72, 'fa fa-share-square-o', 'font-awesome'),
	(73, 'fa fa-check-square-o', 'font-awesome'),
	(74, 'fa fa-arrows', 'font-awesome'),
	(75, 'fa fa-step-backward', 'font-awesome'),
	(76, 'fa fa-fast-backward', 'font-awesome'),
	(77, 'fa fa-backward', 'font-awesome'),
	(78, 'fa fa-play', 'font-awesome'),
	(79, 'fa fa-pause', 'font-awesome'),
	(80, 'fa fa-stop', 'font-awesome'),
	(81, 'fa fa-forward', 'font-awesome'),
	(82, 'fa fa-fast-forward', 'font-awesome'),
	(83, 'fa fa-step-forward', 'font-awesome'),
	(84, 'fa fa-eject', 'font-awesome'),
	(85, 'fa fa-chevron-left', 'font-awesome'),
	(86, 'fa fa-chevron-right', 'font-awesome'),
	(87, 'fa fa-plus-circle', 'font-awesome'),
	(88, 'fa fa-minus-circle', 'font-awesome'),
	(89, 'fa fa-times-circle', 'font-awesome'),
	(90, 'fa fa-check-circle', 'font-awesome'),
	(91, 'fa fa-question-circle', 'font-awesome'),
	(92, 'fa fa-info-circle', 'font-awesome'),
	(93, 'fa fa-crosshairs', 'font-awesome'),
	(94, 'fa fa-times-circle-o', 'font-awesome'),
	(95, 'fa fa-check-circle-o', 'font-awesome'),
	(96, 'fa fa-ban', 'font-awesome'),
	(97, 'fa fa-arrow-left', 'font-awesome'),
	(98, 'fa fa-arrow-right', 'font-awesome'),
	(99, 'fa fa-arrow-up', 'font-awesome'),
	(100, 'fa fa-arrow-down', 'font-awesome'),
	(101, 'fa fa-mail-forward', 'font-awesome'),
	(102, 'fa fa-share', 'font-awesome'),
	(103, 'fa fa-expand', 'font-awesome'),
	(104, 'fa fa-compress', 'font-awesome'),
	(105, 'fa fa-plus', 'font-awesome'),
	(106, 'fa fa-minus', 'font-awesome'),
	(107, 'fa fa-asterisk', 'font-awesome'),
	(108, 'fa fa-exclamation-circle', 'font-awesome'),
	(109, 'fa fa-gift', 'font-awesome'),
	(110, 'fa fa-leaf', 'font-awesome'),
	(111, 'fa fa-fire', 'font-awesome'),
	(112, 'fa fa-eye', 'font-awesome'),
	(113, 'fa fa-eye-slash', 'font-awesome'),
	(114, 'fa fa-warning', 'font-awesome'),
	(115, 'fa fa-exclamation-triangle', 'font-awesome'),
	(116, 'fa fa-plane', 'font-awesome'),
	(117, 'fa fa-calendar', 'font-awesome'),
	(118, 'fa fa-random', 'font-awesome'),
	(119, 'fa fa-comment', 'font-awesome'),
	(120, 'fa fa-magnet', 'font-awesome'),
	(121, 'fa fa-chevron-up', 'font-awesome'),
	(122, 'fa fa-chevron-down', 'font-awesome'),
	(123, 'fa fa-retweet', 'font-awesome'),
	(124, 'fa fa-shopping-cart', 'font-awesome'),
	(125, 'fa fa-folder', 'font-awesome'),
	(126, 'fa fa-folder-open', 'font-awesome'),
	(127, 'fa fa-arrows-v', 'font-awesome'),
	(128, 'fa fa-arrows-h', 'font-awesome'),
	(129, 'fa fa-bar-chart-o', 'font-awesome'),
	(130, 'fa fa-twitter-square', 'font-awesome'),
	(131, 'fa fa-facebook-square', 'font-awesome'),
	(132, 'fa fa-camera-retro', 'font-awesome'),
	(133, 'fa fa-key', 'font-awesome'),
	(134, 'fa fa-gears', 'font-awesome'),
	(135, 'fa fa-cogs', 'font-awesome'),
	(136, 'fa fa-comments', 'font-awesome'),
	(137, 'fa fa-thumbs-o-up', 'font-awesome'),
	(138, 'fa fa-thumbs-o-down', 'font-awesome'),
	(139, 'fa fa-star-half', 'font-awesome'),
	(140, 'fa fa-heart-o', 'font-awesome'),
	(141, 'fa fa-sign-out', 'font-awesome'),
	(142, 'fa fa-linkedin-square', 'font-awesome'),
	(143, 'fa fa-thumb-tack', 'font-awesome'),
	(144, 'fa fa-external-link', 'font-awesome'),
	(145, 'fa fa-sign-in', 'font-awesome'),
	(146, 'fa fa-trophy', 'font-awesome'),
	(147, 'fa fa-github-square', 'font-awesome'),
	(148, 'fa fa-upload', 'font-awesome'),
	(149, 'fa fa-lemon-o', 'font-awesome'),
	(150, 'fa fa-phone', 'font-awesome'),
	(151, 'fa fa-square-o', 'font-awesome'),
	(152, 'fa fa-bookmark-o', 'font-awesome'),
	(153, 'fa fa-phone-square', 'font-awesome'),
	(154, 'fa fa-twitter', 'font-awesome'),
	(155, 'fa fa-facebook', 'font-awesome'),
	(156, 'fa fa-github', 'font-awesome'),
	(157, 'fa fa-unlock', 'font-awesome'),
	(158, 'fa fa-credit-card', 'font-awesome'),
	(159, 'fa fa-rss', 'font-awesome'),
	(160, 'fa fa-hdd-o', 'font-awesome'),
	(161, 'fa fa-bullhorn', 'font-awesome'),
	(162, 'fa fa-bell', 'font-awesome'),
	(163, 'fa fa-certificate', 'font-awesome'),
	(164, 'fa fa-hand-o-right', 'font-awesome'),
	(165, 'fa fa-hand-o-left', 'font-awesome'),
	(166, 'fa fa-hand-o-up', 'font-awesome'),
	(167, 'fa fa-hand-o-down', 'font-awesome'),
	(168, 'fa fa-arrow-circle-left', 'font-awesome'),
	(169, 'fa fa-arrow-circle-right', 'font-awesome'),
	(170, 'fa fa-arrow-circle-up', 'font-awesome'),
	(171, 'fa fa-arrow-circle-down', 'font-awesome'),
	(172, 'fa fa-globe', 'font-awesome'),
	(173, 'fa fa-wrench', 'font-awesome'),
	(174, 'fa fa-tasks', 'font-awesome'),
	(175, 'fa fa-filter', 'font-awesome'),
	(176, 'fa fa-briefcase', 'font-awesome'),
	(177, 'fa fa-arrows-alt', 'font-awesome'),
	(178, 'fa fa-group', 'font-awesome'),
	(179, 'fa fa-users', 'font-awesome'),
	(180, 'fa fa-chain', 'font-awesome'),
	(181, 'fa fa-link', 'font-awesome'),
	(182, 'fa fa-cloud', 'font-awesome'),
	(183, 'fa fa-flask', 'font-awesome'),
	(184, 'fa fa-cut', 'font-awesome'),
	(185, 'fa fa-scissors', 'font-awesome'),
	(186, 'fa fa-copy', 'font-awesome'),
	(187, 'fa fa-files-o', 'font-awesome'),
	(188, 'fa fa-paperclip', 'font-awesome'),
	(189, 'fa fa-save', 'font-awesome'),
	(190, 'fa fa-floppy-o', 'font-awesome'),
	(191, 'fa fa-square', 'font-awesome'),
	(192, 'fa fa-navicon', 'font-awesome'),
	(193, 'fa fa-reorder', 'font-awesome'),
	(194, 'fa fa-bars', 'font-awesome'),
	(195, 'fa fa-list-ul', 'font-awesome'),
	(196, 'fa fa-list-ol', 'font-awesome'),
	(197, 'fa fa-strikethrough', 'font-awesome'),
	(198, 'fa fa-underline', 'font-awesome'),
	(199, 'fa fa-table', 'font-awesome'),
	(200, 'fa fa-magic', 'font-awesome'),
	(201, 'fa fa-truck', 'font-awesome'),
	(202, 'fa fa-pinterest', 'font-awesome'),
	(203, 'fa fa-pinterest-square', 'font-awesome'),
	(204, 'fa fa-google-plus-square', 'font-awesome'),
	(205, 'fa fa-google-plus', 'font-awesome'),
	(206, 'fa fa-money', 'font-awesome'),
	(207, 'fa fa-caret-down', 'font-awesome'),
	(208, 'fa fa-caret-up', 'font-awesome'),
	(209, 'fa fa-caret-left', 'font-awesome'),
	(210, 'fa fa-caret-right', 'font-awesome'),
	(211, 'fa fa-columns', 'font-awesome'),
	(212, 'fa fa-unsorted', 'font-awesome'),
	(213, 'fa fa-sort', 'font-awesome'),
	(214, 'fa fa-sort-down', 'font-awesome'),
	(215, 'fa fa-sort-desc', 'font-awesome'),
	(216, 'fa fa-sort-up', 'font-awesome'),
	(217, 'fa fa-sort-asc', 'font-awesome'),
	(218, 'fa fa-envelope', 'font-awesome'),
	(219, 'fa fa-linkedin', 'font-awesome'),
	(220, 'fa fa-rotate-left', 'font-awesome'),
	(221, 'fa fa-undo', 'font-awesome'),
	(222, 'fa fa-legal', 'font-awesome'),
	(223, 'fa fa-gavel', 'font-awesome'),
	(224, 'fa fa-dashboard', 'font-awesome'),
	(225, 'fa fa-tachometer', 'font-awesome'),
	(226, 'fa fa-comment-o', 'font-awesome'),
	(227, 'fa fa-comments-o', 'font-awesome'),
	(228, 'fa fa-flash', 'font-awesome'),
	(229, 'fa fa-bolt', 'font-awesome'),
	(230, 'fa fa-sitemap', 'font-awesome'),
	(231, 'fa fa-umbrella', 'font-awesome'),
	(232, 'fa fa-paste', 'font-awesome'),
	(233, 'fa fa-clipboard', 'font-awesome'),
	(234, 'fa fa-lightbulb-o', 'font-awesome'),
	(235, 'fa fa-exchange', 'font-awesome'),
	(236, 'fa fa-cloud-download', 'font-awesome'),
	(237, 'fa fa-cloud-upload', 'font-awesome'),
	(238, 'fa fa-user-md', 'font-awesome'),
	(239, 'fa fa-stethoscope', 'font-awesome'),
	(240, 'fa fa-suitcase', 'font-awesome'),
	(241, 'fa fa-bell-o', 'font-awesome'),
	(242, 'fa fa-coffee', 'font-awesome'),
	(243, 'fa fa-cutlery', 'font-awesome'),
	(244, 'fa fa-file-text-o', 'font-awesome'),
	(245, 'fa fa-building-o', 'font-awesome'),
	(246, 'fa fa-hospital-o', 'font-awesome'),
	(247, 'fa fa-ambulance', 'font-awesome'),
	(248, 'fa fa-medkit', 'font-awesome'),
	(249, 'fa fa-fighter-jet', 'font-awesome'),
	(250, 'fa fa-beer', 'font-awesome'),
	(251, 'fa fa-h-square', 'font-awesome'),
	(252, 'fa fa-plus-square', 'font-awesome'),
	(253, 'fa fa-angle-double-left', 'font-awesome'),
	(254, 'fa fa-angle-double-right', 'font-awesome'),
	(255, 'fa fa-angle-double-up', 'font-awesome'),
	(256, 'fa fa-angle-double-down', 'font-awesome'),
	(257, 'fa fa-angle-left', 'font-awesome'),
	(258, 'fa fa-angle-right', 'font-awesome'),
	(259, 'fa fa-angle-up', 'font-awesome'),
	(260, 'fa fa-angle-down', 'font-awesome'),
	(261, 'fa fa-desktop', 'font-awesome'),
	(262, 'fa fa-laptop', 'font-awesome'),
	(263, 'fa fa-tablet', 'font-awesome'),
	(264, 'fa fa-mobile-phone', 'font-awesome'),
	(265, 'fa fa-mobile', 'font-awesome'),
	(266, 'fa fa-circle-o', 'font-awesome'),
	(267, 'fa fa-quote-left', 'font-awesome'),
	(268, 'fa fa-quote-right', 'font-awesome'),
	(269, 'fa fa-spinner', 'font-awesome'),
	(270, 'fa fa-circle', 'font-awesome'),
	(271, 'fa fa-mail-reply', 'font-awesome'),
	(272, 'fa fa-reply', 'font-awesome'),
	(273, 'fa fa-github-alt', 'font-awesome'),
	(274, 'fa fa-folder-o', 'font-awesome'),
	(275, 'fa fa-folder-open-o', 'font-awesome'),
	(276, 'fa fa-smile-o', 'font-awesome'),
	(277, 'fa fa-frown-o', 'font-awesome'),
	(278, 'fa fa-meh-o', 'font-awesome'),
	(279, 'fa fa-gamepad', 'font-awesome'),
	(280, 'fa fa-keyboard-o', 'font-awesome'),
	(281, 'fa fa-flag-o', 'font-awesome'),
	(282, 'fa fa-flag-checkered', 'font-awesome'),
	(283, 'fa fa-terminal', 'font-awesome'),
	(284, 'fa fa-code', 'font-awesome'),
	(285, 'fa fa-mail-reply-all', 'font-awesome'),
	(286, 'fa fa-reply-all', 'font-awesome'),
	(287, 'fa fa-star-half-empty', 'font-awesome'),
	(288, 'fa fa-star-half-full', 'font-awesome'),
	(289, 'fa fa-star-half-o', 'font-awesome'),
	(290, 'fa fa-location-arrow', 'font-awesome'),
	(291, 'fa fa-crop', 'font-awesome'),
	(292, 'fa fa-code-fork', 'font-awesome'),
	(293, 'fa fa-unlink', 'font-awesome'),
	(294, 'fa fa-chain-broken', 'font-awesome'),
	(295, 'fa fa-question', 'font-awesome'),
	(296, 'fa fa-info', 'font-awesome'),
	(297, 'fa fa-exclamation', 'font-awesome'),
	(298, 'fa fa-superscript', 'font-awesome'),
	(299, 'fa fa-subscript', 'font-awesome'),
	(300, 'fa fa-eraser', 'font-awesome'),
	(301, 'fa fa-puzzle-piece', 'font-awesome'),
	(302, 'fa fa-microphone', 'font-awesome'),
	(303, 'fa fa-microphone-slash', 'font-awesome'),
	(304, 'fa fa-shield', 'font-awesome'),
	(305, 'fa fa-calendar-o', 'font-awesome'),
	(306, 'fa fa-fire-extinguisher', 'font-awesome'),
	(307, 'fa fa-rocket', 'font-awesome'),
	(308, 'fa fa-maxcdn', 'font-awesome'),
	(309, 'fa fa-chevron-circle-left', 'font-awesome'),
	(310, 'fa fa-chevron-circle-right', 'font-awesome'),
	(311, 'fa fa-chevron-circle-up', 'font-awesome'),
	(312, 'fa fa-chevron-circle-down', 'font-awesome'),
	(313, 'fa fa-html5', 'font-awesome'),
	(314, 'fa fa-css3', 'font-awesome'),
	(315, 'fa fa-anchor', 'font-awesome'),
	(316, 'fa fa-unlock-alt', 'font-awesome'),
	(317, 'fa fa-bullseye', 'font-awesome'),
	(318, 'fa fa-ellipsis-h', 'font-awesome'),
	(319, 'fa fa-ellipsis-v', 'font-awesome'),
	(320, 'fa fa-rss-square', 'font-awesome'),
	(321, 'fa fa-play-circle', 'font-awesome'),
	(322, 'fa fa-ticket', 'font-awesome'),
	(323, 'fa fa-minus-square', 'font-awesome'),
	(324, 'fa fa-minus-square-o', 'font-awesome'),
	(325, 'fa fa-level-up', 'font-awesome'),
	(326, 'fa fa-level-down', 'font-awesome'),
	(327, 'fa fa-check-square', 'font-awesome'),
	(328, 'fa fa-pencil-square', 'font-awesome'),
	(329, 'fa fa-external-link-square', 'font-awesome'),
	(330, 'fa fa-share-square', 'font-awesome'),
	(331, 'fa fa-compass', 'font-awesome'),
	(332, 'fa fa-toggle-down', 'font-awesome'),
	(333, 'fa fa-caret-square-o-down', 'font-awesome'),
	(334, 'fa fa-toggle-up', 'font-awesome'),
	(335, 'fa fa-caret-square-o-up', 'font-awesome'),
	(336, 'fa fa-toggle-right', 'font-awesome'),
	(337, 'fa fa-caret-square-o-right', 'font-awesome'),
	(338, 'fa fa-euro', 'font-awesome'),
	(339, 'fa fa-eur', 'font-awesome'),
	(340, 'fa fa-gbp', 'font-awesome'),
	(341, 'fa fa-dollar', 'font-awesome'),
	(342, 'fa fa-usd', 'font-awesome'),
	(343, 'fa fa-rupee', 'font-awesome'),
	(344, 'fa fa-inr', 'font-awesome'),
	(345, 'fa fa-cny', 'font-awesome'),
	(346, 'fa fa-rmb', 'font-awesome'),
	(347, 'fa fa-yen', 'font-awesome'),
	(348, 'fa fa-jpy', 'font-awesome'),
	(349, 'fa fa-ruble', 'font-awesome'),
	(350, 'fa fa-rouble', 'font-awesome'),
	(351, 'fa fa-rub', 'font-awesome'),
	(352, 'fa fa-won', 'font-awesome'),
	(353, 'fa fa-krw', 'font-awesome'),
	(354, 'fa fa-bitcoin', 'font-awesome'),
	(355, 'fa fa-btc', 'font-awesome'),
	(356, 'fa fa-file', 'font-awesome'),
	(357, 'fa fa-file-text', 'font-awesome'),
	(358, 'fa fa-sort-alpha-asc', 'font-awesome'),
	(359, 'fa fa-sort-alpha-desc', 'font-awesome'),
	(360, 'fa fa-sort-amount-asc', 'font-awesome'),
	(361, 'fa fa-sort-amount-desc', 'font-awesome'),
	(362, 'fa fa-sort-numeric-asc', 'font-awesome'),
	(363, 'fa fa-sort-numeric-desc', 'font-awesome'),
	(364, 'fa fa-thumbs-up', 'font-awesome'),
	(365, 'fa fa-thumbs-down', 'font-awesome'),
	(366, 'fa fa-youtube-square', 'font-awesome'),
	(367, 'fa fa-youtube', 'font-awesome'),
	(368, 'fa fa-xing', 'font-awesome'),
	(369, 'fa fa-xing-square', 'font-awesome'),
	(370, 'fa fa-youtube-play', 'font-awesome'),
	(371, 'fa fa-dropbox', 'font-awesome'),
	(372, 'fa fa-stack-overflow', 'font-awesome'),
	(373, 'fa fa-instagram', 'font-awesome'),
	(374, 'fa fa-flickr', 'font-awesome'),
	(375, 'fa fa-adn', 'font-awesome'),
	(376, 'fa fa-bitbucket', 'font-awesome'),
	(377, 'fa fa-bitbucket-square', 'font-awesome'),
	(378, 'fa fa-tumblr', 'font-awesome'),
	(379, 'fa fa-tumblr-square', 'font-awesome'),
	(380, 'fa fa-long-arrow-down', 'font-awesome'),
	(381, 'fa fa-long-arrow-up', 'font-awesome'),
	(382, 'fa fa-long-arrow-left', 'font-awesome'),
	(383, 'fa fa-long-arrow-right', 'font-awesome'),
	(384, 'fa fa-apple', 'font-awesome'),
	(385, 'fa fa-windows', 'font-awesome'),
	(386, 'fa fa-android', 'font-awesome'),
	(387, 'fa fa-linux', 'font-awesome'),
	(388, 'fa fa-dribbble', 'font-awesome'),
	(389, 'fa fa-skype', 'font-awesome'),
	(390, 'fa fa-foursquare', 'font-awesome'),
	(391, 'fa fa-trello', 'font-awesome'),
	(392, 'fa fa-female', 'font-awesome'),
	(393, 'fa fa-male', 'font-awesome'),
	(394, 'fa fa-gittip', 'font-awesome'),
	(395, 'fa fa-sun-o', 'font-awesome'),
	(396, 'fa fa-moon-o', 'font-awesome'),
	(397, 'fa fa-archive', 'font-awesome'),
	(398, 'fa fa-bug', 'font-awesome'),
	(399, 'fa fa-vk', 'font-awesome'),
	(400, 'fa fa-weibo', 'font-awesome'),
	(401, 'fa fa-renren', 'font-awesome'),
	(402, 'fa fa-pagelines', 'font-awesome'),
	(403, 'fa fa-stack-exchange', 'font-awesome'),
	(404, 'fa fa-arrow-circle-o-right', 'font-awesome'),
	(405, 'fa fa-arrow-circle-o-left', 'font-awesome'),
	(406, 'fa fa-toggle-left', 'font-awesome'),
	(407, 'fa fa-caret-square-o-left', 'font-awesome'),
	(408, 'fa fa-dot-circle-o', 'font-awesome'),
	(409, 'fa fa-wheelchair', 'font-awesome'),
	(410, 'fa fa-vimeo-square', 'font-awesome'),
	(411, 'fa fa-turkish-lira', 'font-awesome'),
	(412, 'fa fa-try', 'font-awesome'),
	(413, 'fa fa-plus-square-o', 'font-awesome'),
	(414, 'fa fa-space-shuttle', 'font-awesome'),
	(415, 'fa fa-slack', 'font-awesome'),
	(416, 'fa fa-envelope-square', 'font-awesome'),
	(417, 'fa fa-wordpress', 'font-awesome'),
	(418, 'fa fa-openid', 'font-awesome'),
	(419, 'fa fa-institution', 'font-awesome'),
	(420, 'fa fa-bank', 'font-awesome'),
	(421, 'fa fa-university', 'font-awesome'),
	(422, 'fa fa-mortar-board', 'font-awesome'),
	(423, 'fa fa-graduation-cap', 'font-awesome'),
	(424, 'fa fa-yahoo', 'font-awesome'),
	(425, 'fa fa-google', 'font-awesome'),
	(426, 'fa fa-reddit', 'font-awesome'),
	(427, 'fa fa-reddit-square', 'font-awesome'),
	(428, 'fa fa-stumbleupon-circle', 'font-awesome'),
	(429, 'fa fa-stumbleupon', 'font-awesome'),
	(430, 'fa fa-delicious', 'font-awesome'),
	(431, 'fa fa-digg', 'font-awesome'),
	(432, 'fa fa-pied-piper-square', 'font-awesome'),
	(433, 'fa fa-pied-piper', 'font-awesome'),
	(434, 'fa fa-pied-piper-alt', 'font-awesome'),
	(435, 'fa fa-drupal', 'font-awesome'),
	(436, 'fa fa-joomla', 'font-awesome'),
	(437, 'fa fa-language', 'font-awesome'),
	(438, 'fa fa-fax', 'font-awesome'),
	(439, 'fa fa-building', 'font-awesome'),
	(440, 'fa fa-child', 'font-awesome'),
	(441, 'fa fa-paw', 'font-awesome'),
	(442, 'fa fa-spoon', 'font-awesome'),
	(443, 'fa fa-cube', 'font-awesome'),
	(444, 'fa fa-cubes', 'font-awesome'),
	(445, 'fa fa-behance', 'font-awesome'),
	(446, 'fa fa-behance-square', 'font-awesome'),
	(447, 'fa fa-steam', 'font-awesome'),
	(448, 'fa fa-steam-square', 'font-awesome'),
	(449, 'fa fa-recycle', 'font-awesome'),
	(450, 'fa fa-automobile', 'font-awesome'),
	(451, 'fa fa-car', 'font-awesome'),
	(452, 'fa fa-cab', 'font-awesome'),
	(453, 'fa fa-taxi', 'font-awesome'),
	(454, 'fa fa-tree', 'font-awesome'),
	(455, 'fa fa-spotify', 'font-awesome'),
	(456, 'fa fa-deviantart', 'font-awesome'),
	(457, 'fa fa-soundcloud', 'font-awesome'),
	(458, 'fa fa-database', 'font-awesome'),
	(459, 'fa fa-file-pdf-o', 'font-awesome'),
	(460, 'fa fa-file-word-o', 'font-awesome'),
	(461, 'fa fa-file-excel-o', 'font-awesome'),
	(462, 'fa fa-file-powerpoint-o', 'font-awesome'),
	(463, 'fa fa-file-photo-o', 'font-awesome'),
	(464, 'fa fa-file-picture-o', 'font-awesome'),
	(465, 'fa fa-file-image-o', 'font-awesome'),
	(466, 'fa fa-file-zip-o', 'font-awesome'),
	(467, 'fa fa-file-archive-o', 'font-awesome'),
	(468, 'fa fa-file-sound-o', 'font-awesome'),
	(469, 'fa fa-file-audio-o', 'font-awesome'),
	(470, 'fa fa-file-movie-o', 'font-awesome'),
	(471, 'fa fa-file-video-o', 'font-awesome'),
	(472, 'fa fa-file-code-o', 'font-awesome'),
	(473, 'fa fa-vine', 'font-awesome'),
	(474, 'fa fa-codepen', 'font-awesome'),
	(475, 'fa fa-jsfiddle', 'font-awesome'),
	(476, 'fa fa-life-bouy', 'font-awesome'),
	(477, 'fa fa-life-saver', 'font-awesome'),
	(478, 'fa fa-support', 'font-awesome'),
	(479, 'fa fa-life-ring', 'font-awesome'),
	(480, 'fa fa-circle-o-notch', 'font-awesome'),
	(481, 'fa fa-ra', 'font-awesome'),
	(482, 'fa fa-rebel', 'font-awesome'),
	(483, 'fa fa-ge', 'font-awesome'),
	(484, 'fa fa-empire', 'font-awesome'),
	(485, 'fa fa-git-square', 'font-awesome'),
	(486, 'fa fa-git', 'font-awesome'),
	(487, 'fa fa-hacker-news', 'font-awesome'),
	(488, 'fa fa-tencent-weibo', 'font-awesome'),
	(489, 'fa fa-qq', 'font-awesome'),
	(490, 'fa fa-wechat', 'font-awesome'),
	(491, 'fa fa-weixin', 'font-awesome'),
	(492, 'fa fa-send', 'font-awesome'),
	(493, 'fa fa-paper-plane', 'font-awesome'),
	(494, 'fa fa-send-o', 'font-awesome'),
	(495, 'fa fa-paper-plane-o', 'font-awesome'),
	(496, 'fa fa-history', 'font-awesome'),
	(497, 'fa fa-circle-thin', 'font-awesome'),
	(498, 'fa fa-header', 'font-awesome'),
	(499, 'fa fa-paragraph', 'font-awesome'),
	(500, 'fa fa-sliders', 'font-awesome'),
	(501, 'fa fa-share-alt', 'font-awesome'),
	(502, 'fa fa-share-alt-square', 'font-awesome'),
	(503, 'fa fa-bomb', 'font-awesome'),
	(504, 'arrow_up', 'elegant-icon'),
	(505, 'arrow_down', 'elegant-icon'),
	(506, 'arrow_left', 'elegant-icon'),
	(507, 'arrow_right', 'elegant-icon'),
	(508, 'arrow_left-up', 'elegant-icon'),
	(509, 'arrow_right-up', 'elegant-icon'),
	(510, 'arrow_right-down', 'elegant-icon'),
	(511, 'arrow_left-down', 'elegant-icon'),
	(512, 'arrow-up-down', 'elegant-icon'),
	(513, 'arrow_up-down_alt', 'elegant-icon'),
	(514, 'arrow_left-right_alt', 'elegant-icon'),
	(515, 'arrow_left-right', 'elegant-icon'),
	(516, 'arrow_expand_alt2', 'elegant-icon'),
	(517, 'arrow_expand_alt', 'elegant-icon'),
	(518, 'arrow_condense', 'elegant-icon'),
	(519, 'arrow_expand', 'elegant-icon'),
	(520, 'arrow_move', 'elegant-icon'),
	(521, 'arrow_carrot-up', 'elegant-icon'),
	(522, 'arrow_carrot-down', 'elegant-icon'),
	(523, 'arrow_carrot-left', 'elegant-icon'),
	(524, 'arrow_carrot-right', 'elegant-icon'),
	(525, 'arrow_carrot-2up', 'elegant-icon'),
	(526, 'arrow_carrot-2down', 'elegant-icon'),
	(527, 'arrow_carrot-2left', 'elegant-icon'),
	(528, 'arrow_carrot-2right', 'elegant-icon'),
	(529, 'arrow_carrot-up_alt2', 'elegant-icon'),
	(530, 'arrow_carrot-down_alt2', 'elegant-icon'),
	(531, 'arrow_carrot-left_alt2', 'elegant-icon'),
	(532, 'arrow_carrot-right_alt2', 'elegant-icon'),
	(533, 'arrow_carrot-2up_alt2', 'elegant-icon'),
	(534, 'arrow_carrot-2down_alt2', 'elegant-icon'),
	(535, 'arrow_carrot-2left_alt2', 'elegant-icon'),
	(536, 'arrow_carrot-2right_alt2', 'elegant-icon'),
	(537, 'arrow_triangle-up', 'elegant-icon'),
	(538, 'arrow_triangle-down', 'elegant-icon'),
	(539, 'arrow_triangle-left', 'elegant-icon'),
	(540, 'arrow_triangle-right', 'elegant-icon'),
	(541, 'arrow_triangle-up_alt2', 'elegant-icon'),
	(542, 'arrow_triangle-down_alt2', 'elegant-icon'),
	(543, 'arrow_triangle-left_alt2', 'elegant-icon'),
	(544, 'arrow_triangle-right_alt2', 'elegant-icon'),
	(545, 'arrow_back', 'elegant-icon'),
	(546, 'icon_minus-06', 'elegant-icon'),
	(547, 'icon_plus', 'elegant-icon'),
	(548, 'icon_close', 'elegant-icon'),
	(549, 'icon_check', 'elegant-icon'),
	(550, 'icon_minus_alt2', 'elegant-icon'),
	(551, 'icon_plus_alt2', 'elegant-icon'),
	(552, 'icon_close_alt2', 'elegant-icon'),
	(553, 'icon_check_alt2', 'elegant-icon'),
	(554, 'icon_zoom-out_alt', 'elegant-icon'),
	(555, 'icon_zoom-in_alt', 'elegant-icon'),
	(556, 'icon_search', 'elegant-icon'),
	(557, 'icon_box-empty', 'elegant-icon'),
	(558, 'icon_box-selected', 'elegant-icon'),
	(559, 'icon_minus-box', 'elegant-icon'),
	(560, 'icon_plus-box', 'elegant-icon'),
	(561, 'icon_box-checked', 'elegant-icon'),
	(562, 'icon_circle-empty', 'elegant-icon'),
	(563, 'icon_circle-slelected', 'elegant-icon'),
	(564, 'icon_stop_alt2', 'elegant-icon'),
	(565, 'icon_stop', 'elegant-icon'),
	(566, 'icon_pause_alt2', 'elegant-icon'),
	(567, 'icon_pause', 'elegant-icon'),
	(568, 'icon_menu', 'elegant-icon'),
	(569, 'icon_menu-square_alt2', 'elegant-icon'),
	(570, 'icon_menu-circle_alt2', 'elegant-icon'),
	(571, 'icon_ul', 'elegant-icon'),
	(572, 'icon_ol', 'elegant-icon'),
	(573, 'icon_adjust-horiz', 'elegant-icon'),
	(574, 'icon_adjust-vert', 'elegant-icon'),
	(575, 'icon_document_alt', 'elegant-icon'),
	(576, 'icon_documents_alt', 'elegant-icon'),
	(577, 'icon_pencil', 'elegant-icon'),
	(578, 'icon_pencil-edit_alt', 'elegant-icon'),
	(579, 'icon_pencil-edit', 'elegant-icon'),
	(580, 'icon_folder-alt', 'elegant-icon'),
	(581, 'icon_folder-open_alt', 'elegant-icon'),
	(582, 'icon_folder-add_alt', 'elegant-icon'),
	(583, 'icon_info_alt', 'elegant-icon'),
	(584, 'icon_error-oct_alt', 'elegant-icon'),
	(585, 'icon_error-circle_alt', 'elegant-icon'),
	(586, 'icon_error-triangle_alt', 'elegant-icon'),
	(587, 'icon_question_alt2', 'elegant-icon'),
	(588, 'icon_question', 'elegant-icon'),
	(589, 'icon_comment_alt', 'elegant-icon'),
	(590, 'icon_chat_alt', 'elegant-icon'),
	(591, 'icon_vol-mute_alt', 'elegant-icon'),
	(592, 'icon_volume-low_alt', 'elegant-icon'),
	(593, 'icon_volume-high_alt', 'elegant-icon'),
	(594, 'icon_quotations', 'elegant-icon'),
	(595, 'icon_quotations_alt2', 'elegant-icon'),
	(596, 'icon_clock_alt', 'elegant-icon'),
	(597, 'icon_lock_alt', 'elegant-icon'),
	(598, 'icon_lock-open_alt', 'elegant-icon'),
	(599, 'icon_key_alt', 'elegant-icon'),
	(600, 'icon_cloud_alt', 'elegant-icon'),
	(601, 'icon_cloud-upload_alt', 'elegant-icon'),
	(602, 'icon_cloud-download_alt', 'elegant-icon'),
	(603, 'icon_image', 'elegant-icon'),
	(604, 'icon_images', 'elegant-icon'),
	(605, 'icon_lightbulb_alt', 'elegant-icon'),
	(606, 'icon_gift_alt', 'elegant-icon'),
	(607, 'icon_house_alt', 'elegant-icon'),
	(608, 'icon_genius', 'elegant-icon'),
	(609, 'icon_mobile', 'elegant-icon'),
	(610, 'icon_tablet', 'elegant-icon'),
	(611, 'icon_laptop', 'elegant-icon'),
	(612, 'icon_desktop', 'elegant-icon'),
	(613, 'icon_camera_alt', 'elegant-icon'),
	(614, 'icon_mail_alt', 'elegant-icon'),
	(615, 'icon_cone_alt', 'elegant-icon'),
	(616, 'icon_ribbon_alt', 'elegant-icon'),
	(617, 'icon_bag_alt', 'elegant-icon'),
	(618, 'icon_creditcard', 'elegant-icon'),
	(619, 'icon_cart_alt', 'elegant-icon'),
	(620, 'icon_paperclip', 'elegant-icon'),
	(621, 'icon_tag_alt', 'elegant-icon'),
	(622, 'icon_tags_alt', 'elegant-icon'),
	(623, 'icon_trash_alt', 'elegant-icon'),
	(624, 'icon_cursor_alt', 'elegant-icon'),
	(625, 'icon_mic_alt', 'elegant-icon'),
	(626, 'icon_compass_alt', 'elegant-icon'),
	(627, 'icon_pin_alt', 'elegant-icon'),
	(628, 'icon_pushpin_alt', 'elegant-icon'),
	(629, 'icon_map_alt', 'elegant-icon'),
	(630, 'icon_drawer_alt', 'elegant-icon'),
	(631, 'icon_toolbox_alt', 'elegant-icon'),
	(632, 'icon_book_alt', 'elegant-icon'),
	(633, 'icon_calendar', 'elegant-icon'),
	(634, 'icon_film', 'elegant-icon'),
	(635, 'icon_table', 'elegant-icon'),
	(636, 'icon_contacts_alt', 'elegant-icon'),
	(637, 'icon_headphones', 'elegant-icon'),
	(638, 'icon_lifesaver', 'elegant-icon'),
	(639, 'icon_piechart', 'elegant-icon'),
	(640, 'icon_refresh', 'elegant-icon'),
	(641, 'icon_link_alt', 'elegant-icon'),
	(642, 'icon_link', 'elegant-icon'),
	(643, 'icon_loading', 'elegant-icon'),
	(644, 'icon_blocked', 'elegant-icon'),
	(645, 'icon_archive_alt', 'elegant-icon'),
	(646, 'icon_heart_alt', 'elegant-icon'),
	(647, 'icon_star_alt', 'elegant-icon'),
	(648, 'icon_star-half_alt', 'elegant-icon'),
	(649, 'icon_star', 'elegant-icon'),
	(650, 'icon_star-half', 'elegant-icon'),
	(651, 'icon_tools', 'elegant-icon'),
	(652, 'icon_tool', 'elegant-icon'),
	(653, 'icon_cog', 'elegant-icon'),
	(654, 'icon_cogs', 'elegant-icon'),
	(655, 'arrow_up_alt', 'elegant-icon'),
	(656, 'arrow_down_alt', 'elegant-icon'),
	(657, 'arrow_left_alt', 'elegant-icon'),
	(658, 'arrow_right_alt', 'elegant-icon'),
	(659, 'arrow_left-up_alt', 'elegant-icon'),
	(660, 'arrow_right-up_alt', 'elegant-icon'),
	(661, 'arrow_right-down_alt', 'elegant-icon'),
	(662, 'arrow_left-down_alt', 'elegant-icon'),
	(663, 'arrow_condense_alt', 'elegant-icon'),
	(664, 'arrow_expand_alt3', 'elegant-icon'),
	(665, 'arrow_carrot_up_alt', 'elegant-icon'),
	(666, 'arrow_carrot-down_alt', 'elegant-icon'),
	(667, 'arrow_carrot-left_alt', 'elegant-icon'),
	(668, 'arrow_carrot-right_alt', 'elegant-icon'),
	(669, 'arrow_carrot-2up_alt', 'elegant-icon'),
	(670, 'arrow_carrot-2dwnn_alt', 'elegant-icon'),
	(671, 'arrow_carrot-2left_alt', 'elegant-icon'),
	(672, 'arrow_carrot-2right_alt', 'elegant-icon'),
	(673, 'arrow_triangle-up_alt', 'elegant-icon'),
	(674, 'arrow_triangle-down_alt', 'elegant-icon'),
	(675, 'arrow_triangle-left_alt', 'elegant-icon'),
	(676, 'arrow_triangle-right_alt', 'elegant-icon'),
	(677, 'icon_minus_alt', 'elegant-icon'),
	(678, 'icon_plus_alt', 'elegant-icon'),
	(679, 'icon_close_alt', 'elegant-icon'),
	(680, 'icon_check_alt', 'elegant-icon'),
	(681, 'icon_zoom-out', 'elegant-icon'),
	(682, 'icon_zoom-in', 'elegant-icon'),
	(683, 'icon_stop_alt', 'elegant-icon'),
	(684, 'icon_menu-square_alt', 'elegant-icon'),
	(685, 'icon_menu-circle_alt', 'elegant-icon'),
	(686, 'icon_document', 'elegant-icon'),
	(687, 'icon_documents', 'elegant-icon'),
	(688, 'icon_pencil_alt', 'elegant-icon'),
	(689, 'icon_folder', 'elegant-icon'),
	(690, 'icon_folder-open', 'elegant-icon'),
	(691, 'icon_folder-add', 'elegant-icon'),
	(692, 'icon_folder_upload', 'elegant-icon'),
	(693, 'icon_folder_download', 'elegant-icon'),
	(694, 'icon_info', 'elegant-icon'),
	(695, 'icon_error-circle', 'elegant-icon'),
	(696, 'icon_error-oct', 'elegant-icon'),
	(697, 'icon_error-triangle', 'elegant-icon'),
	(698, 'icon_question_alt', 'elegant-icon'),
	(699, 'icon_comment', 'elegant-icon'),
	(700, 'icon_chat', 'elegant-icon'),
	(701, 'icon_vol-mute', 'elegant-icon'),
	(702, 'icon_volume-low', 'elegant-icon'),
	(703, 'icon_volume-high', 'elegant-icon'),
	(704, 'icon_quotations_alt', 'elegant-icon'),
	(705, 'icon_clock', 'elegant-icon'),
	(706, 'icon_lock', 'elegant-icon'),
	(707, 'icon_lock-open', 'elegant-icon'),
	(708, 'icon_key', 'elegant-icon'),
	(709, 'icon_cloud', 'elegant-icon'),
	(710, 'icon_cloud-upload', 'elegant-icon'),
	(711, 'icon_cloud-download', 'elegant-icon'),
	(712, 'icon_lightbulb', 'elegant-icon'),
	(713, 'icon_gift', 'elegant-icon'),
	(714, 'icon_house', 'elegant-icon'),
	(715, 'icon_camera', 'elegant-icon'),
	(716, 'icon_mail', 'elegant-icon'),
	(717, 'icon_cone', 'elegant-icon'),
	(718, 'icon_ribbon', 'elegant-icon'),
	(719, 'icon_bag', 'elegant-icon'),
	(720, 'icon_cart', 'elegant-icon'),
	(721, 'icon_tag', 'elegant-icon'),
	(722, 'icon_tags', 'elegant-icon'),
	(723, 'icon_trash', 'elegant-icon'),
	(724, 'icon_cursor', 'elegant-icon'),
	(725, 'icon_mic', 'elegant-icon'),
	(726, 'icon_compass', 'elegant-icon'),
	(727, 'icon_pin', 'elegant-icon'),
	(728, 'icon_pushpin', 'elegant-icon'),
	(729, 'icon_map', 'elegant-icon'),
	(730, 'icon_drawer', 'elegant-icon'),
	(731, 'icon_toolbox', 'elegant-icon'),
	(732, 'icon_book', 'elegant-icon'),
	(733, 'icon_contacts', 'elegant-icon'),
	(734, 'icon_archive', 'elegant-icon'),
	(735, 'icon_heart', 'elegant-icon'),
	(736, 'icon_profile', 'elegant-icon'),
	(737, 'icon_group', 'elegant-icon'),
	(738, 'icon_grid-2x2', 'elegant-icon'),
	(739, 'icon_grid-3x3', 'elegant-icon'),
	(740, 'icon_music', 'elegant-icon'),
	(741, 'icon_pause_alt', 'elegant-icon'),
	(742, 'icon_phone', 'elegant-icon'),
	(743, 'icon_upload', 'elegant-icon'),
	(744, 'icon_download', 'elegant-icon'),
	(745, 'social_facebook', 'elegant-icon'),
	(746, 'social_twitter', 'elegant-icon'),
	(747, 'social_pinterest', 'elegant-icon'),
	(748, 'social_googleplus', 'elegant-icon'),
	(749, 'social_tumblr', 'elegant-icon'),
	(750, 'social_tumbleupon', 'elegant-icon'),
	(751, 'social_wordpress', 'elegant-icon'),
	(752, 'social_instagram', 'elegant-icon'),
	(753, 'social_dribbble', 'elegant-icon'),
	(754, 'social_vimeo', 'elegant-icon'),
	(755, 'social_linkedin', 'elegant-icon'),
	(756, 'social_rss', 'elegant-icon'),
	(757, 'social_deviantart', 'elegant-icon'),
	(758, 'social_share', 'elegant-icon'),
	(759, 'social_myspace', 'elegant-icon'),
	(760, 'social_skype', 'elegant-icon'),
	(761, 'social_youtube', 'elegant-icon'),
	(762, 'social_picassa', 'elegant-icon'),
	(763, 'social_googledrive', 'elegant-icon'),
	(764, 'social_flickr', 'elegant-icon'),
	(765, 'social_blogger', 'elegant-icon'),
	(766, 'social_spotify', 'elegant-icon'),
	(767, 'social_delicious', 'elegant-icon'),
	(768, 'social_facebook_circle', 'elegant-icon'),
	(769, 'social_twitter_circle', 'elegant-icon'),
	(770, 'social_pinterest_circle', 'elegant-icon'),
	(771, 'social_googleplus_circle', 'elegant-icon'),
	(772, 'social_tumblr_circle', 'elegant-icon'),
	(773, 'social_stumbleupon_circle', 'elegant-icon'),
	(774, 'social_wordpress_circle', 'elegant-icon'),
	(775, 'social_instagram_circle', 'elegant-icon'),
	(776, 'social_dribbble_circle', 'elegant-icon'),
	(777, 'social_vimeo_circle', 'elegant-icon'),
	(778, 'social_linkedin_circle', 'elegant-icon'),
	(779, 'social_rss_circle', 'elegant-icon'),
	(780, 'social_deviantart_circle', 'elegant-icon'),
	(781, 'social_share_circle', 'elegant-icon'),
	(782, 'social_myspace_circle', 'elegant-icon'),
	(783, 'social_skype_circle', 'elegant-icon'),
	(784, 'social_youtube_circle', 'elegant-icon'),
	(785, 'social_picassa_circle', 'elegant-icon'),
	(786, 'social_googledrive_alt2', 'elegant-icon'),
	(787, 'social_flickr_circle', 'elegant-icon'),
	(788, 'social_blogger_circle', 'elegant-icon'),
	(789, 'social_spotify_circle', 'elegant-icon'),
	(790, 'social_delicious_circle', 'elegant-icon'),
	(791, 'social_facebook_square', 'elegant-icon'),
	(792, 'social_twitter_square', 'elegant-icon'),
	(793, 'social_pinterest_square', 'elegant-icon'),
	(794, 'social_googleplus_square', 'elegant-icon'),
	(795, 'social_tumblr_square', 'elegant-icon'),
	(796, 'social_stumbleupon_square', 'elegant-icon'),
	(797, 'social_wordpress_square', 'elegant-icon'),
	(798, 'social_instagram_square', 'elegant-icon'),
	(799, 'social_dribbble_square', 'elegant-icon'),
	(800, 'social_vimeo_square', 'elegant-icon'),
	(801, 'social_linkedin_square', 'elegant-icon'),
	(802, 'social_rss_square', 'elegant-icon'),
	(803, 'social_deviantart_square', 'elegant-icon'),
	(804, 'social_share_square', 'elegant-icon'),
	(805, 'social_myspace_square', 'elegant-icon'),
	(806, 'social_skype_square', 'elegant-icon'),
	(807, 'social_youtube_square', 'elegant-icon'),
	(808, 'social_picassa_square', 'elegant-icon'),
	(809, 'social_googledrive_square', 'elegant-icon'),
	(810, 'social_flickr_square', 'elegant-icon'),
	(811, 'social_blogger_square', 'elegant-icon'),
	(812, 'social_spotify_square', 'elegant-icon'),
	(813, 'social_delicious_square', 'elegant-icon'),
	(814, 'icon_printer', 'elegant-icon'),
	(815, 'icon_calulator', 'elegant-icon'),
	(816, 'icon_building', 'elegant-icon'),
	(817, 'icon_floppy', 'elegant-icon'),
	(818, 'icon_drive', 'elegant-icon'),
	(819, 'icon_search-2', 'elegant-icon'),
	(820, 'icon_id', 'elegant-icon'),
	(821, 'icon_id-2', 'elegant-icon'),
	(822, 'icon_puzzle', 'elegant-icon'),
	(823, 'icon_like', 'elegant-icon'),
	(824, 'icon_dislike', 'elegant-icon'),
	(825, 'icon_mug', 'elegant-icon'),
	(826, 'icon_currency', 'elegant-icon'),
	(827, 'icon_wallet', 'elegant-icon'),
	(828, 'icon_pens', 'elegant-icon'),
	(829, 'icon_easel', 'elegant-icon'),
	(830, 'icon_flowchart', 'elegant-icon'),
	(831, 'icon_datareport', 'elegant-icon'),
	(832, 'icon_briefcase', 'elegant-icon'),
	(833, 'icon_shield', 'elegant-icon'),
	(834, 'icon_percent', 'elegant-icon'),
	(835, 'icon_globe', 'elegant-icon'),
	(836, 'icon_globe-2', 'elegant-icon'),
	(837, 'icon_target', 'elegant-icon'),
	(838, 'icon_hourglass', 'elegant-icon'),
	(839, 'icon_balance', 'elegant-icon'),
	(840, 'icon_rook', 'elegant-icon'),
	(841, 'icon_printer-alt', 'elegant-icon'),
	(842, 'icon_calculator_alt', 'elegant-icon'),
	(843, 'icon_building_alt', 'elegant-icon'),
	(844, 'icon_floppy_alt', 'elegant-icon'),
	(845, 'icon_drive_alt', 'elegant-icon'),
	(846, 'icon_search_alt', 'elegant-icon'),
	(847, 'icon_id_alt', 'elegant-icon'),
	(848, 'icon_id-2_alt', 'elegant-icon'),
	(849, 'icon_puzzle_alt', 'elegant-icon'),
	(850, 'icon_like_alt', 'elegant-icon'),
	(851, 'icon_dislike_alt', 'elegant-icon'),
	(852, 'icon_mug_alt', 'elegant-icon'),
	(853, 'icon_currency_alt', 'elegant-icon'),
	(854, 'icon_wallet_alt', 'elegant-icon'),
	(855, 'icon_pens_alt', 'elegant-icon'),
	(856, 'icon_easel_alt', 'elegant-icon'),
	(857, 'icon_flowchart_alt', 'elegant-icon'),
	(858, 'icon_datareport_alt', 'elegant-icon'),
	(859, 'icon_briefcase_alt', 'elegant-icon'),
	(860, 'icon_shield_alt', 'elegant-icon'),
	(861, 'icon_percent_alt', 'elegant-icon'),
	(862, 'icon_globe_alt', 'elegant-icon'),
	(863, 'icon_clipboard', 'elegant-icon');
/*!40000 ALTER TABLE `iconos` ENABLE KEYS */;

-- Volcando estructura para tabla fic.lista_precios
CREATE TABLE IF NOT EXISTS `lista_precios` (
  `id_lista_precio` int(10) NOT NULL AUTO_INCREMENT,
  `id_producto` int(10) DEFAULT NULL,
  `precio` int(10) DEFAULT NULL,
  `estado` tinyint(1) DEFAULT NULL,
  PRIMARY KEY (`id_lista_precio`),
  KEY `id_producto` (`id_producto`),
  CONSTRAINT `FK_lista_precios_productos` FOREIGN KEY (`id_producto`) REFERENCES `productos` (`id_producto`)
) ENGINE=InnoDB AUTO_INCREMENT=13 DEFAULT CHARSET=utf8mb4;

-- Volcando datos para la tabla fic.lista_precios: ~12 rows (aproximadamente)
/*!40000 ALTER TABLE `lista_precios` DISABLE KEYS */;
INSERT INTO `lista_precios` (`id_lista_precio`, `id_producto`, `precio`, `estado`) VALUES
	(1, 1, 650, 1),
	(2, 2, 800, 1),
	(3, 3, 850, 1),
	(4, 4, 115000, 1),
	(5, 5, 14500, 1),
	(6, 6, 36500, 1),
	(7, 7, 25500, 1),
	(8, 8, 29500, 1),
	(9, 9, 17400, 1),
	(10, 10, 12000, 1),
	(11, 11, 6200, 1),
	(12, 12, 25000, 1);
/*!40000 ALTER TABLE `lista_precios` ENABLE KEYS */;

-- Volcando estructura para tabla fic.menu
CREATE TABLE IF NOT EXISTS `menu` (
  `id_menu` int(10) NOT NULL AUTO_INCREMENT,
  `nombre` varchar(40) NOT NULL,
  `url` varchar(255) NOT NULL,
  `icon` varchar(50) DEFAULT NULL,
  `position` int(10) DEFAULT NULL,
  `orden` int(10) DEFAULT NULL,
  `estado` tinyint(1) DEFAULT NULL,
  PRIMARY KEY (`id_menu`)
) ENGINE=InnoDB AUTO_INCREMENT=12 DEFAULT CHARSET=utf8mb4;

-- Volcando datos para la tabla fic.menu: ~11 rows (aproximadamente)
/*!40000 ALTER TABLE `menu` DISABLE KEYS */;
INSERT INTO `menu` (`id_menu`, `nombre`, `url`, `icon`, `position`, `orden`, `estado`) VALUES
	(1, 'Inicio', '/app/dashboard/', 'icon_house', 2, 1, 1),
	(2, 'Facturas', '/app/facturas/', 'icon_folder-open', 2, 2, 1),
	(3, 'Consecutivos', '/app/consecutivos/', 'icon_wallet_alt', 2, 3, 1),
	(4, 'Cola', '/app/cola/', 'icon_documents', 2, 4, 1),
	(5, 'Ajustes', '/app/ajustes/', 'fa fa-cog', 3, 2, 1),
	(6, 'Menus', '/app/menu/', 'icon_menu-square_alt2', 2, 6, 1),
	(7, 'Iconos', '/app/icons/', 'icon_image', 2, 7, 1),
	(8, 'Cerrar Sesión', '/app/logout/', 'fa fa-sign-out cerrar_session', 3, 3, 1),
	(9, 'Productos', '/app/productos/', 'fa fa-th-large', 2, 5, 1),
	(10, 'Modo oscuro', '#', 'fa fa-moon-o', 3, 1, 1),
	(11, 'Clientes', '#', 'icon_group', 2, 3, 1);
/*!40000 ALTER TABLE `menu` ENABLE KEYS */;

-- Volcando estructura para tabla fic.productos
CREATE TABLE IF NOT EXISTS `productos` (
  `id_producto` int(10) NOT NULL AUTO_INCREMENT,
  `codigo_producto` varchar(30) NOT NULL,
  `nombre_producto` varchar(100) NOT NULL,
  `estado` tinyint(1) NOT NULL,
  PRIMARY KEY (`id_producto`)
) ENGINE=InnoDB AUTO_INCREMENT=13 DEFAULT CHARSET=utf8mb4;

-- Volcando datos para la tabla fic.productos: ~12 rows (aproximadamente)
/*!40000 ALTER TABLE `productos` DISABLE KEYS */;
INSERT INTO `productos` (`id_producto`, `codigo_producto`, `nombre_producto`, `estado`) VALUES
	(1, 'BN1LB', 'Bolsa Natural 1 lb. (6x9)  x100', 1),
	(2, 'BN6X12', 'Bolsa Natural (6x12)  x100', 1),
	(3, 'BN7X10', 'Bolsa Natural 2 lb. (7x10)  x100', 1),
	(4, 'BM30KB', 'Bolsa de manigueta 30 klo blanca', 1),
	(5, 'BM3KB', 'Bolsa de manigueta 3 klos tv blan', 1),
	(6, 'BM15K', 'Bolsa de manigueta 15 klos', 1),
	(7, 'BM5K', 'Bolsa de manigueta 5 klos', 1),
	(8, 'BM10K', 'Bolsa de manigueta 10 klos', 1),
	(9, 'NNX50', 'Aseo NN x50', 1),
	(10, 'AJX100', 'Aseo Jumbo x100', 1),
	(11, 'BTNA', 'Bolsa tina', 1),
	(12, 'GQ', 'Guantes quirurgicos', 1);
/*!40000 ALTER TABLE `productos` ENABLE KEYS */;

-- Volcando estructura para tabla fic.settings
CREATE TABLE IF NOT EXISTS `settings` (
  `id_settings` int(10) NOT NULL AUTO_INCREMENT,
  `id_user` int(10) NOT NULL,
  `menu_locked` tinyint(4) NOT NULL,
  PRIMARY KEY (`id_settings`)
) ENGINE=InnoDB AUTO_INCREMENT=2 DEFAULT CHARSET=utf8mb4;

-- Volcando datos para la tabla fic.settings: ~1 rows (aproximadamente)
/*!40000 ALTER TABLE `settings` DISABLE KEYS */;
INSERT INTO `settings` (`id_settings`, `id_user`, `menu_locked`) VALUES
	(1, 1, 1);
/*!40000 ALTER TABLE `settings` ENABLE KEYS */;

-- Volcando estructura para tabla fic.sub_menu
CREATE TABLE IF NOT EXISTS `sub_menu` (
  `id_sub_menu` int(10) NOT NULL AUTO_INCREMENT,
  `nombre` varchar(40) NOT NULL,
  `url` varchar(255) NOT NULL,
  `id_menu` int(10) NOT NULL,
  PRIMARY KEY (`id_sub_menu`),
  KEY `id_menu` (`id_menu`)
) ENGINE=InnoDB DEFAULT CHARSET=utf8mb4;

-- Volcando datos para la tabla fic.sub_menu: ~0 rows (aproximadamente)
/*!40000 ALTER TABLE `sub_menu` DISABLE KEYS */;
/*!40000 ALTER TABLE `sub_menu` ENABLE KEYS */;

-- Volcando estructura para tabla fic.temp_factura
CREATE TABLE IF NOT EXISTS `temp_factura` (
  `id_temp_factura` int(10) NOT NULL AUTO_INCREMENT,
  `id_cliente` int(10) DEFAULT NULL,
  `fecha` datetime DEFAULT NULL,
  PRIMARY KEY (`id_temp_factura`),
  KEY `id_cliente` (`id_cliente`),
  CONSTRAINT `FK_temp_factura_clientes` FOREIGN KEY (`id_cliente`) REFERENCES `clientes` (`id_cliente`)
) ENGINE=InnoDB AUTO_INCREMENT=2 DEFAULT CHARSET=utf8mb4;

-- Volcando datos para la tabla fic.temp_factura: ~1 rows (aproximadamente)
/*!40000 ALTER TABLE `temp_factura` DISABLE KEYS */;
INSERT INTO `temp_factura` (`id_temp_factura`, `id_cliente`, `fecha`) VALUES
	(1, NULL, NULL);
/*!40000 ALTER TABLE `temp_factura` ENABLE KEYS */;

-- Volcando estructura para tabla fic.temp_factura_productos
CREATE TABLE IF NOT EXISTS `temp_factura_productos` (
  `id_temp_factura_productos` int(10) NOT NULL AUTO_INCREMENT,
  `id_temp_factura` int(10) DEFAULT NULL,
  `id_producto` int(10) DEFAULT NULL,
  `cantidad` int(10) DEFAULT NULL,
  `precio` int(10) DEFAULT NULL,
  PRIMARY KEY (`id_temp_factura_productos`),
  KEY `id_producto` (`id_producto`),
  KEY `id_temp_factura` (`id_temp_factura`),
  CONSTRAINT `FK_temp_factura_productos_productos` FOREIGN KEY (`id_producto`) REFERENCES `productos` (`id_producto`),
  CONSTRAINT `FK_temp_factura_productos_temp_factura` FOREIGN KEY (`id_temp_factura`) REFERENCES `temp_factura` (`id_temp_factura`)
) ENGINE=InnoDB DEFAULT CHARSET=utf8mb4;

-- Volcando datos para la tabla fic.temp_factura_productos: ~0 rows (aproximadamente)
/*!40000 ALTER TABLE `temp_factura_productos` DISABLE KEYS */;
/*!40000 ALTER TABLE `temp_factura_productos` ENABLE KEYS */;

-- Volcando estructura para tabla fic.type_user
CREATE TABLE IF NOT EXISTS `type_user` (
  `id_type_user` int(10) NOT NULL AUTO_INCREMENT,
  `description` varchar(50) DEFAULT NULL,
  PRIMARY KEY (`id_type_user`)
) ENGINE=InnoDB AUTO_INCREMENT=3 DEFAULT CHARSET=utf8mb4;

-- Volcando datos para la tabla fic.type_user: ~2 rows (aproximadamente)
/*!40000 ALTER TABLE `type_user` DISABLE KEYS */;
INSERT INTO `type_user` (`id_type_user`, `description`) VALUES
	(1, 'Administrador'),
	(2, 'Super usuario');
/*!40000 ALTER TABLE `type_user` ENABLE KEYS */;

-- Volcando estructura para tabla fic.user
CREATE TABLE IF NOT EXISTS `user` (
  `id_user` int(10) NOT NULL AUTO_INCREMENT,
  `nombre` varchar(50) NOT NULL,
  `apellido` varchar(50) NOT NULL,
  `usuario` varchar(10) NOT NULL,
  `correo` varchar(250) NOT NULL,
  `pass` varchar(30) NOT NULL,
  `img` varchar(50) DEFAULT NULL,
  `id_type_user` int(10) DEFAULT NULL,
  `fecha_registro` datetime NOT NULL,
  PRIMARY KEY (`id_user`),
  KEY `id_type_user` (`id_type_user`),
  CONSTRAINT `FK_user_type_user` FOREIGN KEY (`id_type_user`) REFERENCES `type_user` (`id_type_user`)
) ENGINE=InnoDB AUTO_INCREMENT=2 DEFAULT CHARSET=utf8mb4;

-- Volcando datos para la tabla fic.user: ~1 rows (aproximadamente)
/*!40000 ALTER TABLE `user` DISABLE KEYS */;
INSERT INTO `user` (`id_user`, `nombre`, `apellido`, `usuario`, `correo`, `pass`, `img`, `id_type_user`, `fecha_registro`) VALUES
	(1, 'Juan Felipe', 'Peña Calderón', 'root', 'jpena3610@gmail.com', '1043660915', 'logo.jpg', 2, '2020-09-06 02:11:31');
/*!40000 ALTER TABLE `user` ENABLE KEYS */;

-- Volcando estructura para tabla fic.vendedor
CREATE TABLE IF NOT EXISTS `vendedor` (
  `id_vendedor` int(10) NOT NULL AUTO_INCREMENT,
  `codigo_vendedor` varchar(30) NOT NULL,
  `nombre` varchar(50) NOT NULL,
  `apellido` varchar(50) NOT NULL,
  `cedula` int(30) NOT NULL,
  `telefono` varchar(255) NOT NULL,
  `fecha_ingreso` datetime NOT NULL,
  PRIMARY KEY (`id_vendedor`)
) ENGINE=InnoDB AUTO_INCREMENT=3 DEFAULT CHARSET=utf8mb4;

-- Volcando datos para la tabla fic.vendedor: ~2 rows (aproximadamente)
/*!40000 ALTER TABLE `vendedor` DISABLE KEYS */;
INSERT INTO `vendedor` (`id_vendedor`, `codigo_vendedor`, `nombre`, `apellido`, `cedula`, `telefono`, `fecha_ingreso`) VALUES
	(1, '001', 'Juan Felipe', 'Peña Calderón', 1043660915, '(+573008554550)', '2020-09-08 14:54:15'),
	(2, '002', 'Gabriela', 'Peña Calderón', 5555555, '(+5700000)', '2020-10-06 16:52:47');
/*!40000 ALTER TABLE `vendedor` ENABLE KEYS */;

/*!40101 SET SQL_MODE=IFNULL(@OLD_SQL_MODE, '') */;
/*!40014 SET FOREIGN_KEY_CHECKS=IF(@OLD_FOREIGN_KEY_CHECKS IS NULL, 1, @OLD_FOREIGN_KEY_CHECKS) */;
/*!40101 SET CHARACTER_SET_CLIENT=@OLD_CHARACTER_SET_CLIENT */;
